PRAGMA foreign_keys=OFF;
BEGIN TRANSACTION;
CREATE TABLE IF NOT EXISTS "django_migrations" ("id" integer NOT NULL PRIMARY KEY AUTOINCREMENT, "app" varchar(255) NOT NULL, "name" varchar(255) NOT NULL, "applied" datetime NOT NULL);
INSERT INTO django_migrations VALUES(1,'contenttypes','0001_initial','2022-10-21 09:31:13.518133');
INSERT INTO django_migrations VALUES(2,'contenttypes','0002_remove_content_type_name','2022-10-21 09:31:13.532212');
INSERT INTO django_migrations VALUES(3,'auth','0001_initial','2022-10-21 09:31:13.550667');
INSERT INTO django_migrations VALUES(4,'auth','0002_alter_permission_name_max_length','2022-10-21 09:31:13.565694');
INSERT INTO django_migrations VALUES(5,'auth','0003_alter_user_email_max_length','2022-10-21 09:31:13.582622');
INSERT INTO django_migrations VALUES(6,'auth','0004_alter_user_username_opts','2022-10-21 09:31:13.595393');
INSERT INTO django_migrations VALUES(7,'auth','0005_alter_user_last_login_null','2022-10-21 09:31:13.615556');
INSERT INTO django_migrations VALUES(8,'auth','0006_require_contenttypes_0002','2022-10-21 09:31:13.634389');
INSERT INTO django_migrations VALUES(9,'auth','0007_alter_validators_add_error_messages','2022-10-21 09:31:13.659044');
INSERT INTO django_migrations VALUES(10,'auth','0008_alter_user_username_max_length','2022-10-21 09:31:13.677687');
INSERT INTO django_migrations VALUES(11,'auth','0009_alter_user_last_name_max_length','2022-10-21 09:31:13.696850');
INSERT INTO django_migrations VALUES(12,'auth','0010_alter_group_name_max_length','2022-10-21 09:31:13.731165');
INSERT INTO django_migrations VALUES(13,'auth','0011_update_proxy_permissions','2022-10-21 09:31:13.743002');
INSERT INTO django_migrations VALUES(14,'auth','0012_alter_user_first_name_max_length','2022-10-21 09:31:13.756772');
INSERT INTO django_migrations VALUES(15,'user','0001_initial','2022-10-21 09:31:13.789486');
INSERT INTO django_migrations VALUES(16,'account','0001_initial','2022-10-21 09:31:13.830989');
INSERT INTO django_migrations VALUES(17,'account','0002_email_max_length','2022-10-21 09:31:14.021747');
INSERT INTO django_migrations VALUES(18,'admin','0001_initial','2022-10-21 09:31:14.083575');
INSERT INTO django_migrations VALUES(19,'admin','0002_logentry_remove_auto_add','2022-10-21 09:31:14.103257');
INSERT INTO django_migrations VALUES(20,'admin','0003_logentry_add_action_flag_choices','2022-10-21 09:31:14.119063');
INSERT INTO django_migrations VALUES(21,'app','0001_initial','2022-10-21 09:31:14.251846');
INSERT INTO django_migrations VALUES(22,'sessions','0001_initial','2022-10-21 09:31:14.258127');
INSERT INTO django_migrations VALUES(23,'sites','0001_initial','2022-10-21 09:31:14.263077');
INSERT INTO django_migrations VALUES(24,'sites','0002_alter_domain_unique','2022-10-21 09:31:14.271850');
INSERT INTO django_migrations VALUES(25,'socialaccount','0001_initial','2022-10-21 09:31:14.401537');
INSERT INTO django_migrations VALUES(26,'socialaccount','0002_token_max_lengths','2022-10-21 09:31:14.479013');
INSERT INTO django_migrations VALUES(27,'socialaccount','0003_extra_data_default_dict','2022-10-21 09:31:14.628954');
INSERT INTO django_migrations VALUES(28,'app','0002_comment_score_hotel_hinfo_hotel_hmap','2022-10-24 04:58:51.649407');
INSERT INTO django_migrations VALUES(29,'app','0003_alter_hotel_voter','2022-10-24 06:04:35.493462');
INSERT INTO django_migrations VALUES(30,'app','0004_remove_hotel_hcontent','2022-10-24 06:04:36.769648');
INSERT INTO django_migrations VALUES(31,'app','0005_room_roomtype','2022-10-24 06:30:34.918793');
INSERT INTO django_migrations VALUES(32,'app','0006_alter_hotel_himage','2022-10-24 07:42:11.678266');
INSERT INTO django_migrations VALUES(33,'app','0007_remove_hotel_himage_alter_hotel_voter_image_and_more','2022-10-25 01:45:10.504015');
INSERT INTO django_migrations VALUES(34,'app','0008_room_images','2022-10-25 02:11:00.065561');
INSERT INTO django_migrations VALUES(35,'app','0009_remove_room_images_room_rimage','2022-10-25 02:16:44.037369');
INSERT INTO django_migrations VALUES(36,'app','0010_hotel_himage','2022-10-25 02:17:05.078968');
INSERT INTO django_migrations VALUES(37,'app','0011_remove_hotel_himage','2022-10-25 02:18:09.250210');
INSERT INTO django_migrations VALUES(38,'app','0012_remove_room_rimage','2022-10-25 02:19:40.655793');
INSERT INTO django_migrations VALUES(39,'app','0013_room_rimage','2022-10-25 02:24:10.604944');
INSERT INTO django_migrations VALUES(40,'app','0014_hotel_himage','2022-10-25 02:26:02.210167');
INSERT INTO django_migrations VALUES(41,'app','0015_alter_room_rimage','2022-10-25 02:27:28.993355');
INSERT INTO django_migrations VALUES(42,'user','0002_remove_user_gender_user_rank','2022-10-27 04:14:11.941194');
INSERT INTO django_migrations VALUES(43,'user','0003_user_phone','2022-10-27 04:14:12.190345');
INSERT INTO django_migrations VALUES(44,'user','0004_user_nickname_alter_user_phone_alter_user_rank_and_more','2022-10-27 04:14:12.381886');
INSERT INTO django_migrations VALUES(45,'user','0005_alter_user_options_remove_user_date_joined_and_more','2022-10-27 04:14:12.662664');
INSERT INTO django_migrations VALUES(46,'user','0002_user_is_staff','2022-10-27 04:22:14.283223');
INSERT INTO django_migrations VALUES(47,'user','0003_remove_user_is_staff','2022-10-27 04:25:06.480769');
INSERT INTO django_migrations VALUES(48,'user','0004_user_is_staff','2022-10-27 04:44:56.591149');
INSERT INTO django_migrations VALUES(49,'user','0005_user_groups_user_is_superuser_user_user_permissions','2022-10-27 05:03:49.256356');
CREATE TABLE IF NOT EXISTS "django_content_type" ("id" integer NOT NULL PRIMARY KEY AUTOINCREMENT, "app_label" varchar(100) NOT NULL, "model" varchar(100) NOT NULL);
INSERT INTO django_content_type VALUES(1,'admin','logentry');
INSERT INTO django_content_type VALUES(2,'auth','permission');
INSERT INTO django_content_type VALUES(3,'auth','group');
INSERT INTO django_content_type VALUES(4,'contenttypes','contenttype');
INSERT INTO django_content_type VALUES(5,'sessions','session');
INSERT INTO django_content_type VALUES(6,'app','hotel');
INSERT INTO django_content_type VALUES(7,'app','room');
INSERT INTO django_content_type VALUES(8,'app','order');
INSERT INTO django_content_type VALUES(9,'app','comment');
INSERT INTO django_content_type VALUES(10,'user','user');
INSERT INTO django_content_type VALUES(11,'sites','site');
INSERT INTO django_content_type VALUES(12,'account','emailaddress');
INSERT INTO django_content_type VALUES(13,'account','emailconfirmation');
INSERT INTO django_content_type VALUES(14,'socialaccount','socialaccount');
INSERT INTO django_content_type VALUES(15,'socialaccount','socialapp');
INSERT INTO django_content_type VALUES(16,'socialaccount','socialtoken');
INSERT INTO django_content_type VALUES(17,'app','image');
CREATE TABLE IF NOT EXISTS "auth_group_permissions" ("id" integer NOT NULL PRIMARY KEY AUTOINCREMENT, "group_id" integer NOT NULL REFERENCES "auth_group" ("id") DEFERRABLE INITIALLY DEFERRED, "permission_id" integer NOT NULL REFERENCES "auth_permission" ("id") DEFERRABLE INITIALLY DEFERRED);
CREATE TABLE IF NOT EXISTS "auth_permission" ("id" integer NOT NULL PRIMARY KEY AUTOINCREMENT, "content_type_id" integer NOT NULL REFERENCES "django_content_type" ("id") DEFERRABLE INITIALLY DEFERRED, "codename" varchar(100) NOT NULL, "name" varchar(255) NOT NULL);
INSERT INTO auth_permission VALUES(1,1,'add_logentry','Can add log entry');
INSERT INTO auth_permission VALUES(2,1,'change_logentry','Can change log entry');
INSERT INTO auth_permission VALUES(3,1,'delete_logentry','Can delete log entry');
INSERT INTO auth_permission VALUES(4,1,'view_logentry','Can view log entry');
INSERT INTO auth_permission VALUES(5,2,'add_permission','Can add permission');
INSERT INTO auth_permission VALUES(6,2,'change_permission','Can change permission');
INSERT INTO auth_permission VALUES(7,2,'delete_permission','Can delete permission');
INSERT INTO auth_permission VALUES(8,2,'view_permission','Can view permission');
INSERT INTO auth_permission VALUES(9,3,'add_group','Can add group');
INSERT INTO auth_permission VALUES(10,3,'change_group','Can change group');
INSERT INTO auth_permission VALUES(11,3,'delete_group','Can delete group');
INSERT INTO auth_permission VALUES(12,3,'view_group','Can view group');
INSERT INTO auth_permission VALUES(13,4,'add_contenttype','Can add content type');
INSERT INTO auth_permission VALUES(14,4,'change_contenttype','Can change content type');
INSERT INTO auth_permission VALUES(15,4,'delete_contenttype','Can delete content type');
INSERT INTO auth_permission VALUES(16,4,'view_contenttype','Can view content type');
INSERT INTO auth_permission VALUES(17,5,'add_session','Can add session');
INSERT INTO auth_permission VALUES(18,5,'change_session','Can change session');
INSERT INTO auth_permission VALUES(19,5,'delete_session','Can delete session');
INSERT INTO auth_permission VALUES(20,5,'view_session','Can view session');
INSERT INTO auth_permission VALUES(21,6,'add_hotel','Can add hotel');
INSERT INTO auth_permission VALUES(22,6,'change_hotel','Can change hotel');
INSERT INTO auth_permission VALUES(23,6,'delete_hotel','Can delete hotel');
INSERT INTO auth_permission VALUES(24,6,'view_hotel','Can view hotel');
INSERT INTO auth_permission VALUES(25,7,'add_room','Can add room');
INSERT INTO auth_permission VALUES(26,7,'change_room','Can change room');
INSERT INTO auth_permission VALUES(27,7,'delete_room','Can delete room');
INSERT INTO auth_permission VALUES(28,7,'view_room','Can view room');
INSERT INTO auth_permission VALUES(29,8,'add_order','Can add order');
INSERT INTO auth_permission VALUES(30,8,'change_order','Can change order');
INSERT INTO auth_permission VALUES(31,8,'delete_order','Can delete order');
INSERT INTO auth_permission VALUES(32,8,'view_order','Can view order');
INSERT INTO auth_permission VALUES(33,9,'add_comment','Can add comment');
INSERT INTO auth_permission VALUES(34,9,'change_comment','Can change comment');
INSERT INTO auth_permission VALUES(35,9,'delete_comment','Can delete comment');
INSERT INTO auth_permission VALUES(36,9,'view_comment','Can view comment');
INSERT INTO auth_permission VALUES(37,10,'add_user','Can add user');
INSERT INTO auth_permission VALUES(38,10,'change_user','Can change user');
INSERT INTO auth_permission VALUES(39,10,'delete_user','Can delete user');
INSERT INTO auth_permission VALUES(40,10,'view_user','Can view user');
INSERT INTO auth_permission VALUES(41,11,'add_site','Can add site');
INSERT INTO auth_permission VALUES(42,11,'change_site','Can change site');
INSERT INTO auth_permission VALUES(43,11,'delete_site','Can delete site');
INSERT INTO auth_permission VALUES(44,11,'view_site','Can view site');
INSERT INTO auth_permission VALUES(45,12,'add_emailaddress','Can add email address');
INSERT INTO auth_permission VALUES(46,12,'change_emailaddress','Can change email address');
INSERT INTO auth_permission VALUES(47,12,'delete_emailaddress','Can delete email address');
INSERT INTO auth_permission VALUES(48,12,'view_emailaddress','Can view email address');
INSERT INTO auth_permission VALUES(49,13,'add_emailconfirmation','Can add email confirmation');
INSERT INTO auth_permission VALUES(50,13,'change_emailconfirmation','Can change email confirmation');
INSERT INTO auth_permission VALUES(51,13,'delete_emailconfirmation','Can delete email confirmation');
INSERT INTO auth_permission VALUES(52,13,'view_emailconfirmation','Can view email confirmation');
INSERT INTO auth_permission VALUES(53,14,'add_socialaccount','Can add social account');
INSERT INTO auth_permission VALUES(54,14,'change_socialaccount','Can change social account');
INSERT INTO auth_permission VALUES(55,14,'delete_socialaccount','Can delete social account');
INSERT INTO auth_permission VALUES(56,14,'view_socialaccount','Can view social account');
INSERT INTO auth_permission VALUES(57,15,'add_socialapp','Can add social application');
INSERT INTO auth_permission VALUES(58,15,'change_socialapp','Can change social application');
INSERT INTO auth_permission VALUES(59,15,'delete_socialapp','Can delete social application');
INSERT INTO auth_permission VALUES(60,15,'view_socialapp','Can view social application');
INSERT INTO auth_permission VALUES(61,16,'add_socialtoken','Can add social application token');
INSERT INTO auth_permission VALUES(62,16,'change_socialtoken','Can change social application token');
INSERT INTO auth_permission VALUES(63,16,'delete_socialtoken','Can delete social application token');
INSERT INTO auth_permission VALUES(64,16,'view_socialtoken','Can view social application token');
INSERT INTO auth_permission VALUES(65,17,'add_image','Can add image');
INSERT INTO auth_permission VALUES(66,17,'change_image','Can change image');
INSERT INTO auth_permission VALUES(67,17,'delete_image','Can delete image');
INSERT INTO auth_permission VALUES(68,17,'view_image','Can view image');
CREATE TABLE IF NOT EXISTS "auth_group" ("id" integer NOT NULL PRIMARY KEY AUTOINCREMENT, "name" varchar(150) NOT NULL UNIQUE);
CREATE TABLE IF NOT EXISTS "account_emailconfirmation" ("id" integer NOT NULL PRIMARY KEY AUTOINCREMENT, "created" datetime NOT NULL, "sent" datetime NULL, "key" varchar(64) NOT NULL UNIQUE, "email_address_id" integer NOT NULL REFERENCES "account_emailaddress" ("id") DEFERRABLE INITIALLY DEFERRED);
CREATE TABLE IF NOT EXISTS "account_emailaddress" ("id" integer NOT NULL PRIMARY KEY AUTOINCREMENT, "verified" bool NOT NULL, "primary" bool NOT NULL, "user_id" bigint NOT NULL REFERENCES "user_user" ("id") DEFERRABLE INITIALLY DEFERRED, "email" varchar(254) NOT NULL UNIQUE);
CREATE TABLE IF NOT EXISTS "django_admin_log" ("id" integer NOT NULL PRIMARY KEY AUTOINCREMENT, "object_id" text NULL, "object_repr" varchar(200) NOT NULL, "action_flag" smallint unsigned NOT NULL CHECK ("action_flag" >= 0), "change_message" text NOT NULL, "content_type_id" integer NULL REFERENCES "django_content_type" ("id") DEFERRABLE INITIALLY DEFERRED, "user_id" bigint NOT NULL REFERENCES "user_user" ("id") DEFERRABLE INITIALLY DEFERRED, "action_time" datetime NOT NULL);
INSERT INTO django_admin_log VALUES(1,'1','그랑빌팬션',1,'[{"added": {}}]',6,1,'2022-10-24 05:06:27.145303');
INSERT INTO django_admin_log VALUES(2,'2','그랜드 하얏트 제주',1,'[{"added": {}}]',6,1,'2022-10-24 05:50:43.884598');
INSERT INTO django_admin_log VALUES(3,'3','제주 샹그릴라 호텔앤리조트',1,'[{"added": {}}]',6,1,'2022-10-24 05:57:55.083609');
INSERT INTO django_admin_log VALUES(4,'3','제주 샹그릴라 호텔앤리조트',2,'[]',6,1,'2022-10-24 06:07:35.471365');
INSERT INTO django_admin_log VALUES(5,'4','월정리 루나마르 펜션',1,'[{"added": {}}]',6,1,'2022-10-24 06:10:44.486873');
INSERT INTO django_admin_log VALUES(6,'5','해나 게스트하우스',1,'[{"added": {}}]',6,1,'2022-10-24 06:12:56.062860');
INSERT INTO django_admin_log VALUES(7,'6','블루 아일랜드 게스트하우스',1,'[{"added": {}}]',6,1,'2022-10-24 06:14:19.649801');
INSERT INTO django_admin_log VALUES(8,'7','성산 우리집 펜션',1,'[{"added": {}}]',6,1,'2022-10-24 06:16:38.697735');
INSERT INTO django_admin_log VALUES(9,'8','골드원 호텔&스위트',1,'[{"added": {}}]',6,1,'2022-10-24 06:19:04.884737');
INSERT INTO django_admin_log VALUES(10,'9','호텔 알레그리아 서귀포',1,'[{"added": {}}]',6,1,'2022-10-24 06:22:38.279503');
INSERT INTO django_admin_log VALUES(11,'10','휘닉스 제주 섭지코지',1,'[{"added": {}}]',6,1,'2022-10-24 06:24:50.188780');
INSERT INTO django_admin_log VALUES(12,'1','101',1,'[{"added": {}}]',7,1,'2022-10-24 06:49:57.904759');
INSERT INTO django_admin_log VALUES(13,'2','그랑빌팬션,102',1,'[{"added": {}}]',7,1,'2022-10-24 06:54:35.626389');
INSERT INTO django_admin_log VALUES(14,'3','그랑빌팬션,103',1,'[{"added": {}}]',7,1,'2022-10-24 06:56:07.593778');
INSERT INTO django_admin_log VALUES(15,'2','그랜드 하얏트 제주,102',2,'[{"changed": {"fields": ["\uc219\uc18c"]}}]',7,1,'2022-10-24 06:56:26.257210');
INSERT INTO django_admin_log VALUES(16,'3','제주 샹그릴라 호텔앤리조트,103',2,'[{"changed": {"fields": ["\uc219\uc18c"]}}]',7,1,'2022-10-24 06:56:32.177908');
INSERT INTO django_admin_log VALUES(17,'3','그랑빌팬션,103',2,'[{"changed": {"fields": ["\uc219\uc18c"]}}]',7,1,'2022-10-24 06:56:45.240817');
INSERT INTO django_admin_log VALUES(18,'2','그랑빌팬션,102',2,'[{"changed": {"fields": ["\uc219\uc18c"]}}]',7,1,'2022-10-24 06:56:48.439276');
INSERT INTO django_admin_log VALUES(19,'1','그랑빌팬션',2,'[{"changed": {"fields": ["Himage"]}}]',6,1,'2022-10-24 07:33:08.273485');
INSERT INTO django_admin_log VALUES(20,'1','그랑빌팬션',2,'[{"changed": {"fields": ["Himage"]}}]',6,1,'2022-10-24 07:45:00.448181');
INSERT INTO django_admin_log VALUES(21,'1','그랑빌팬션',2,'[{"changed": {"fields": ["Himage"]}}]',6,1,'2022-10-24 07:47:46.349520');
INSERT INTO django_admin_log VALUES(22,'1','그랑빌팬션',2,'[{"changed": {"fields": ["Himage"]}}]',6,1,'2022-10-24 07:47:58.259350');
INSERT INTO django_admin_log VALUES(23,'1','그랑빌팬션',2,'[{"changed": {"fields": ["Himage"]}}]',6,1,'2022-10-24 07:48:04.452955');
INSERT INTO django_admin_log VALUES(24,'2','그랜드 하얏트 제주',2,'[{"changed": {"fields": ["\uc219\uc18c \uc548\ub0b4"]}}]',6,1,'2022-10-24 08:35:30.694472');
INSERT INTO django_admin_log VALUES(25,'2','그랜드 하얏트 제주',2,'[{"changed": {"fields": ["\uc219\uc18c \uc548\ub0b4"]}}]',6,1,'2022-10-24 08:35:55.027141');
INSERT INTO django_admin_log VALUES(26,'2','그랜드 하얏트 제주',2,'[{"changed": {"fields": ["\uc219\uc18c \uc548\ub0b4"]}}]',6,1,'2022-10-24 09:53:11.204070');
INSERT INTO django_admin_log VALUES(27,'2','그랜드 하얏트 제주',2,'[{"changed": {"fields": ["\uc219\uc18c \uc548\ub0b4"]}}]',6,1,'2022-10-24 09:54:07.752596');
INSERT INTO django_admin_log VALUES(28,'2','그랜드 하얏트 제주',2,'[{"changed": {"fields": ["\uc219\uc18c \uc548\ub0b4"]}}]',6,1,'2022-10-24 09:54:34.131167');
INSERT INTO django_admin_log VALUES(29,'2','그랜드 하얏트 제주',2,'[{"changed": {"fields": ["\uc219\uc18c \uc548\ub0b4"]}}]',6,1,'2022-10-24 09:54:52.020366');
INSERT INTO django_admin_log VALUES(30,'3','제주 샹그릴라 호텔앤리조트',2,'[{"changed": {"fields": ["\uc219\uc18c \uc548\ub0b4"]}}]',6,1,'2022-10-24 09:55:22.215963');
INSERT INTO django_admin_log VALUES(31,'4','월정리 루나마르 펜션',2,'[{"changed": {"fields": ["\uc219\uc18c \uc548\ub0b4"]}}]',6,1,'2022-10-24 09:55:47.618551');
INSERT INTO django_admin_log VALUES(32,'5','해나 게스트하우스',2,'[{"changed": {"fields": ["\uc219\uc18c \uc548\ub0b4"]}}]',6,1,'2022-10-24 09:58:08.290986');
INSERT INTO django_admin_log VALUES(33,'6','블루 아일랜드 게스트하우스',2,'[{"changed": {"fields": ["\uc219\uc18c \uc548\ub0b4"]}}]',6,1,'2022-10-24 09:58:31.563093');
INSERT INTO django_admin_log VALUES(34,'7','성산 우리집 펜션',2,'[{"changed": {"fields": ["\uc219\uc18c \uc548\ub0b4"]}}]',6,1,'2022-10-24 09:59:01.230981');
INSERT INTO django_admin_log VALUES(35,'8','골드원 호텔&스위트',2,'[{"changed": {"fields": ["\uc219\uc18c \uc548\ub0b4"]}}]',6,1,'2022-10-24 09:59:27.330095');
INSERT INTO django_admin_log VALUES(36,'9','호텔 알레그리아 서귀포',2,'[{"changed": {"fields": ["\uc219\uc18c \uc548\ub0b4"]}}]',6,1,'2022-10-24 09:59:48.558190');
INSERT INTO django_admin_log VALUES(37,'10','휘닉스 제주 섭지코지',2,'[{"changed": {"fields": ["\uc219\uc18c \uc548\ub0b4"]}}]',6,1,'2022-10-24 10:00:06.271080');
INSERT INTO django_admin_log VALUES(38,'3','제주 샹그릴라 호텔앤리조트',2,'[{"changed": {"fields": ["\uc219\uc18c \uc548\ub0b4"]}}]',6,1,'2022-10-24 10:09:23.985009');
INSERT INTO django_admin_log VALUES(39,'2','그랜드 하얏트 제주',2,'[{"changed": {"fields": ["Himage"]}}]',6,1,'2022-10-24 10:11:16.137840');
INSERT INTO django_admin_log VALUES(40,'3','제주 샹그릴라 호텔앤리조트',2,'[{"changed": {"fields": ["Himage"]}}]',6,1,'2022-10-24 10:13:02.696076');
INSERT INTO django_admin_log VALUES(41,'3','제주 샹그릴라 호텔앤리조트',2,'[{"changed": {"fields": ["\uc219\uc18c \uc548\ub0b4"]}}]',6,1,'2022-10-24 10:16:30.822290');
INSERT INTO django_admin_log VALUES(42,'3','제주 샹그릴라 호텔앤리조트',2,'[{"changed": {"fields": ["\uc219\uc18c \uc548\ub0b4"]}}]',6,1,'2022-10-24 10:16:45.379112');
INSERT INTO django_admin_log VALUES(43,'4','월정리 루나마르 펜션',2,'[{"changed": {"fields": ["Himage"]}}]',6,1,'2022-10-24 10:18:00.218733');
INSERT INTO django_admin_log VALUES(44,'5','해나 게스트하우스',2,'[{"changed": {"fields": ["Himage"]}}]',6,1,'2022-10-24 10:24:11.984510');
INSERT INTO django_admin_log VALUES(45,'6','블루 아일랜드 게스트하우스',2,'[{"changed": {"fields": ["Himage"]}}]',6,1,'2022-10-24 10:26:16.806711');
INSERT INTO django_admin_log VALUES(46,'7','성산 우리집 펜션',2,'[{"changed": {"fields": ["Himage"]}}]',6,1,'2022-10-24 10:27:16.544086');
INSERT INTO django_admin_log VALUES(47,'8','골드원 호텔&스위트',2,'[{"changed": {"fields": ["Himage"]}}]',6,1,'2022-10-24 10:30:21.959524');
INSERT INTO django_admin_log VALUES(48,'9','호텔 알레그리아 서귀포',2,'[{"changed": {"fields": ["Himage"]}}]',6,1,'2022-10-24 10:31:19.273224');
INSERT INTO django_admin_log VALUES(49,'10','휘닉스 제주 섭지코지',2,'[{"changed": {"fields": ["Himage"]}}]',6,1,'2022-10-24 10:32:12.646338');
INSERT INTO django_admin_log VALUES(50,'2','그랜드 하얏트 제주',2,'[{"changed": {"fields": ["\uc219\uc18c \uc548\ub0b4"]}}]',6,1,'2022-10-25 01:28:28.508812');
INSERT INTO django_admin_log VALUES(51,'2','그랜드 하얏트 제주',2,'[{"changed": {"fields": ["\uc219\uc18c \uc548\ub0b4"]}}]',6,1,'2022-10-25 01:29:48.745567');
INSERT INTO django_admin_log VALUES(52,'3','제주 샹그릴라 호텔앤리조트',2,'[{"changed": {"fields": ["\uc219\uc18c \uc548\ub0b4"]}}]',6,1,'2022-10-25 01:30:23.816483');
INSERT INTO django_admin_log VALUES(53,'5','해나 게스트하우스',2,'[{"changed": {"fields": ["\uc219\uc18c \uc548\ub0b4"]}}]',6,1,'2022-10-25 01:30:45.099200');
INSERT INTO django_admin_log VALUES(54,'6','블루 아일랜드 게스트하우스',2,'[{"changed": {"fields": ["\uc219\uc18c \uc548\ub0b4"]}}]',6,1,'2022-10-25 01:31:14.905545');
INSERT INTO django_admin_log VALUES(55,'7','성산 우리집 펜션',2,'[{"changed": {"fields": ["\uc219\uc18c \uc548\ub0b4"]}}]',6,1,'2022-10-25 01:31:28.893955');
INSERT INTO django_admin_log VALUES(56,'8','골드원 호텔&스위트',2,'[{"changed": {"fields": ["\uc219\uc18c \uc548\ub0b4"]}}]',6,1,'2022-10-25 01:31:48.449314');
INSERT INTO django_admin_log VALUES(57,'9','호텔 알레그리아 서귀포',2,'[{"changed": {"fields": ["\uc219\uc18c \uc548\ub0b4"]}}]',6,1,'2022-10-25 01:32:03.784195');
INSERT INTO django_admin_log VALUES(58,'9','호텔 알레그리아 서귀포',2,'[]',6,1,'2022-10-25 01:32:08.204321');
INSERT INTO django_admin_log VALUES(59,'10','휘닉스 제주 섭지코지',2,'[{"changed": {"fields": ["\uc219\uc18c \uc548\ub0b4"]}}]',6,1,'2022-10-25 01:32:23.754266');
INSERT INTO django_admin_log VALUES(60,'2','그랜드 하얏트 제주',2,'[]',6,1,'2022-10-25 01:32:28.017969');
INSERT INTO django_admin_log VALUES(61,'3','제주 샹그릴라 호텔앤리조트',2,'[]',6,1,'2022-10-25 01:32:31.497585');
INSERT INTO django_admin_log VALUES(62,'4','월정리 루나마르 펜션',2,'[{"changed": {"fields": ["\uc219\uc18c \uc548\ub0b4"]}}]',6,1,'2022-10-25 01:32:39.185561');
INSERT INTO django_admin_log VALUES(63,'6','블루 아일랜드 게스트하우스',2,'[]',6,1,'2022-10-25 01:32:42.895637');
INSERT INTO django_admin_log VALUES(64,'1','Image object (1)',1,'[{"added": {}}]',17,1,'2022-10-25 01:46:51.467522');
INSERT INTO django_admin_log VALUES(65,'2','Image object (2)',1,'[{"added": {}}]',17,1,'2022-10-25 01:47:00.540910');
INSERT INTO django_admin_log VALUES(66,'3','Image object (3)',1,'[{"added": {}}]',17,1,'2022-10-25 01:47:10.715352');
INSERT INTO django_admin_log VALUES(67,'1','그랑빌팬션',2,'[{"deleted": {"name": "image", "object": "Image object (None)"}}, {"deleted": {"name": "image", "object": "Image object (None)"}}]',6,1,'2022-10-25 02:08:48.268948');
INSERT INTO django_admin_log VALUES(68,'1','그랑빌팬션,101',2,'[{"changed": {"fields": ["Images"]}}]',7,1,'2022-10-25 02:12:38.345753');
INSERT INTO django_admin_log VALUES(69,'1','그랑빌팬션',2,'[{"deleted": {"name": "image", "object": "Image object (None)"}}]',6,1,'2022-10-25 02:21:59.961542');
INSERT INTO django_admin_log VALUES(70,'1','그랑빌팬션',2,'[{"added": {"name": "image", "object": "Image object (4)"}}, {"added": {"name": "image", "object": "Image object (5)"}}, {"added": {"name": "image", "object": "Image object (6)"}}]',6,1,'2022-10-25 02:22:15.421278');
INSERT INTO django_admin_log VALUES(71,'1','그랑빌팬션,101',2,'[{"changed": {"fields": ["Rimage"]}}]',7,1,'2022-10-25 02:24:27.004705');
INSERT INTO django_admin_log VALUES(72,'1','그랑빌팬션',2,'[{"changed": {"fields": ["Himage"]}}]',6,1,'2022-10-25 02:26:26.492319');
INSERT INTO django_admin_log VALUES(73,'1','그랑빌팬션,101',2,'[{"changed": {"fields": ["Rimage"]}}]',7,1,'2022-10-25 02:27:15.608430');
INSERT INTO django_admin_log VALUES(74,'1','그랑빌팬션,101',2,'[{"changed": {"fields": ["Rimage"]}}]',7,1,'2022-10-25 02:27:39.181284');
INSERT INTO django_admin_log VALUES(75,'4','그랜드 하얏트 제주,101',1,'[{"added": {}}]',7,1,'2022-10-25 05:14:50.597408');
INSERT INTO django_admin_log VALUES(76,'5','그랜드 하얏트 제주,102',1,'[{"added": {}}]',7,1,'2022-10-25 05:15:22.640401');
INSERT INTO django_admin_log VALUES(77,'6','그랜드 하얏트 제주,103',1,'[{"added": {}}]',7,1,'2022-10-25 05:15:54.970122');
INSERT INTO django_admin_log VALUES(78,'2','그랜드 하얏트 제주',2,'[{"changed": {"fields": ["Himage"]}}]',6,1,'2022-10-25 05:16:10.263562');
INSERT INTO django_admin_log VALUES(79,'2','그랜드 하얏트 제주',2,'[{"added": {"name": "image", "object": "Image object (7)"}}, {"added": {"name": "image", "object": "Image object (8)"}}, {"added": {"name": "image", "object": "Image object (9)"}}]',6,1,'2022-10-25 05:16:27.420671');
INSERT INTO django_admin_log VALUES(80,'2','그랜드 하얏트 제주',2,'[{"deleted": {"name": "image", "object": "Image object (None)"}}, {"deleted": {"name": "image", "object": "Image object (None)"}}, {"deleted": {"name": "image", "object": "Image object (None)"}}]',6,1,'2022-10-25 05:19:43.881786');
INSERT INTO django_admin_log VALUES(81,'2','그랜드 하얏트 제주',2,'[{"added": {"name": "image", "object": "Image object (10)"}}, {"added": {"name": "image", "object": "Image object (11)"}}, {"added": {"name": "image", "object": "Image object (12)"}}, {"added": {"name": "image", "object": "Image object (13)"}}]',6,1,'2022-10-25 05:20:05.883893');
INSERT INTO django_admin_log VALUES(82,'2','그랜드 하얏트 제주',2,'[{"changed": {"name": "image", "object": "Image object (10)", "fields": ["Image"]}}]',6,1,'2022-10-25 05:50:54.694378');
INSERT INTO django_admin_log VALUES(83,'2','그랜드 하얏트 제주',2,'[{"changed": {"fields": ["Himage"]}}]',6,1,'2022-10-25 05:51:14.015729');
INSERT INTO django_admin_log VALUES(84,'3','제주 샹그릴라 호텔앤리조트',2,'[{"changed": {"fields": ["Himage"]}}, {"added": {"name": "image", "object": "Image object (14)"}}, {"added": {"name": "image", "object": "Image object (15)"}}, {"added": {"name": "image", "object": "Image object (16)"}}, {"added": {"name": "image", "object": "Image object (17)"}}]',6,1,'2022-10-25 06:11:13.222934');
INSERT INTO django_admin_log VALUES(85,'4','월정리 루나마르 펜션',2,'[{"changed": {"fields": ["Himage"]}}, {"added": {"name": "image", "object": "Image object (18)"}}, {"added": {"name": "image", "object": "Image object (19)"}}, {"added": {"name": "image", "object": "Image object (20)"}}]',6,1,'2022-10-25 06:20:57.587890');
INSERT INTO django_admin_log VALUES(86,'5','해나 게스트하우스',2,'[{"changed": {"fields": ["Himage"]}}, {"added": {"name": "image", "object": "Image object (21)"}}, {"added": {"name": "image", "object": "Image object (22)"}}, {"added": {"name": "image", "object": "Image object (23)"}}, {"added": {"name": "image", "object": "Image object (24)"}}]',6,1,'2022-10-25 06:28:27.791026');
INSERT INTO django_admin_log VALUES(87,'7','제주 샹그릴라 호텔앤리조트,101',1,'[{"added": {}}]',7,1,'2022-10-28 00:41:10.907485');
INSERT INTO django_admin_log VALUES(88,'7','제주 샹그릴라 호텔앤리조트,101',2,'[]',7,1,'2022-10-28 00:41:16.562571');
INSERT INTO django_admin_log VALUES(89,'8','제주 샹그릴라 호텔앤리조트,102',1,'[{"added": {}}]',7,1,'2022-10-28 00:45:36.247587');
INSERT INTO django_admin_log VALUES(90,'7','제주 샹그릴라 호텔앤리조트,101',2,'[{"changed": {"fields": ["\ubc29 \uc815\ubcf4"]}}]',7,1,'2022-10-28 00:46:32.959621');
INSERT INTO django_admin_log VALUES(91,'8','제주 샹그릴라 호텔앤리조트,102',2,'[{"changed": {"fields": ["\ubc29 \uc815\ubcf4"]}}]',7,1,'2022-10-28 00:47:37.575466');
INSERT INTO django_admin_log VALUES(92,'9','제주 샹그릴라 호텔앤리조트,103',1,'[{"added": {}}]',7,1,'2022-10-28 00:48:59.306373');
INSERT INTO django_admin_log VALUES(93,'8','제주 샹그릴라 호텔앤리조트,102',2,'[{"changed": {"fields": ["Rimage"]}}]',7,1,'2022-10-28 00:49:32.063872');
INSERT INTO django_admin_log VALUES(94,'10','월정리 루나마르 펜션,101',1,'[{"added": {}}]',7,1,'2022-10-28 00:52:08.066907');
INSERT INTO django_admin_log VALUES(95,'11','월정리 루나마르 펜션,102',1,'[{"added": {}}]',7,1,'2022-10-28 00:54:26.519054');
INSERT INTO django_admin_log VALUES(96,'12','월정리 루나마르 펜션,103',1,'[{"added": {}}]',7,1,'2022-10-28 00:56:04.610801');
INSERT INTO django_admin_log VALUES(97,'13','해나 게스트하우스,1',1,'[{"added": {}}]',7,1,'2022-10-28 00:59:57.090591');
INSERT INTO django_admin_log VALUES(98,'14','해나 게스트하우스,1',1,'[{"added": {}}]',7,1,'2022-10-28 01:01:38.877306');
INSERT INTO django_admin_log VALUES(99,'15','해나 게스트하우스,2',1,'[{"added": {}}]',7,1,'2022-10-28 01:02:49.192103');
INSERT INTO django_admin_log VALUES(100,'16','블루 아일랜드 게스트하우스,101',1,'[{"added": {}}]',7,1,'2022-10-28 01:05:57.481842');
INSERT INTO django_admin_log VALUES(101,'17','블루 아일랜드 게스트하우스,102',1,'[{"added": {}}]',7,1,'2022-10-28 01:07:26.396273');
INSERT INTO django_admin_log VALUES(102,'18','블루 아일랜드 게스트하우스,103',1,'[{"added": {}}]',7,1,'2022-10-28 01:08:46.952444');
INSERT INTO django_admin_log VALUES(103,'19','성산 우리집 펜션,101',1,'[{"added": {}}]',7,1,'2022-10-28 01:21:58.759217');
INSERT INTO django_admin_log VALUES(104,'20','성산 우리집 펜션,102',1,'[{"added": {}}]',7,1,'2022-10-28 01:30:29.426704');
INSERT INTO django_admin_log VALUES(105,'21','성산 우리집 펜션,103',1,'[{"added": {}}]',7,1,'2022-10-28 01:32:26.413857');
INSERT INTO django_admin_log VALUES(106,'22','골드원 호텔&스위트,101',1,'[{"added": {}}]',7,1,'2022-10-28 02:26:04.235688');
INSERT INTO django_admin_log VALUES(107,'23','골드원 호텔&스위트,102',1,'[{"added": {}}]',7,1,'2022-10-28 02:27:41.140881');
INSERT INTO django_admin_log VALUES(108,'24','골드원 호텔&스위트,103',1,'[{"added": {}}]',7,1,'2022-10-28 02:28:40.792004');
INSERT INTO django_admin_log VALUES(109,'25','호텔 알레그리아 서귀포,101',1,'[{"added": {}}]',7,1,'2022-10-28 02:32:05.035927');
INSERT INTO django_admin_log VALUES(110,'26','호텔 알레그리아 서귀포,102',1,'[{"added": {}}]',7,1,'2022-10-28 02:35:04.037250');
INSERT INTO django_admin_log VALUES(111,'27','호텔 알레그리아 서귀포,103',1,'[{"added": {}}]',7,1,'2022-10-28 02:36:00.280943');
INSERT INTO django_admin_log VALUES(112,'28','휘닉스 제주 섭지코지,101',1,'[{"added": {}}]',7,1,'2022-10-28 02:38:57.562816');
INSERT INTO django_admin_log VALUES(113,'29','휘닉스 제주 섭지코지,102',1,'[{"added": {}}]',7,1,'2022-10-28 02:39:48.275738');
INSERT INTO django_admin_log VALUES(114,'30','휘닉스 제주 섭지코지,103',1,'[{"added": {}}]',7,1,'2022-10-28 02:40:29.572858');
INSERT INTO django_admin_log VALUES(115,'30','휘닉스 제주 섭지코지,103',2,'[{"changed": {"fields": ["\uac00\uaca9"]}}]',7,1,'2022-10-28 02:40:39.522321');
INSERT INTO django_admin_log VALUES(116,'9','제주 샹그릴라 호텔앤리조트,103',2,'[{"changed": {"fields": ["Rimage"]}}]',7,1,'2022-10-28 02:43:33.540125');
CREATE TABLE IF NOT EXISTS "app_order" ("id" integer NOT NULL PRIMARY KEY AUTOINCREMENT, "ordered_at" datetime NOT NULL, "visit_at" datetime NOT NULL, "leave_at" datetime NOT NULL, "customer_id" bigint NOT NULL REFERENCES "user_user" ("id") DEFERRABLE INITIALLY DEFERRED, "room_id" bigint NOT NULL REFERENCES "app_room" ("id") DEFERRABLE INITIALLY DEFERRED);
CREATE TABLE IF NOT EXISTS "app_comment" ("id" integer NOT NULL PRIMARY KEY AUTOINCREMENT, "content" text NOT NULL, "created_at" datetime NOT NULL, "modified_at" datetime NOT NULL, "author_id" bigint NOT NULL REFERENCES "user_user" ("id") DEFERRABLE INITIALLY DEFERRED, "hotel_id" bigint NULL REFERENCES "app_hotel" ("id") DEFERRABLE INITIALLY DEFERRED, "score" smallint NULL);
INSERT INTO app_comment VALUES(1,'dwdwd','2022-10-26 06:12:06.585694','2022-10-26 06:12:06.585694',1,NULL,NULL);
INSERT INTO app_comment VALUES(2,'dwdwd','2022-10-26 06:12:39.966258','2022-10-26 06:12:39.966258',1,NULL,NULL);
INSERT INTO app_comment VALUES(4,'www870','2022-10-26 06:41:40.296695','2022-10-27 05:14:26.382595',3,1,NULL);
CREATE TABLE IF NOT EXISTS "django_session" ("session_key" varchar(40) NOT NULL PRIMARY KEY, "session_data" text NOT NULL, "expire_date" datetime NOT NULL);
INSERT INTO django_session VALUES('iw3l4qly1akpc6oxois6p2yo9k5ppj90','.eJxVjDsOwjAQBe_iGln-JKxDSZ8zWLveDQ4gW4qTCnF3iJQC2jcz76UibmuOW5MlzqwuyqrT70aYHlJ2wHcst6pTLesyk94VfdCmx8ryvB7u30HGlr-1EJtkhTsP6CC4HjkZB5BCb8N5CIyBmMT7ZC2QcTyxFXCT77wbDIJ6fwDyMTf0:1omq2O:sSktimPGTd_vjFRuPOD4-FbbW2oZ8GflBzIZto6jXW4','2022-11-07 05:30:12.306894');
INSERT INTO django_session VALUES('w8srwe9k58fp5hrsss2qemy6pga9k4wp','.eJxVjDsOwjAQBe_iGlnrTzYxJX3OYHm9Ng4gR4qTCnF3EikFtG9m3lv4sK3Fby0tfmJxFUZcfjcK8ZnqAfgR6n2Wca7rMpE8FHnSJseZ0-t2un8HJbSy1w6JddYYewy5Y1DEidEMynGODpy1FgxDMhppULEHHdEidWZn4BSLzxfmcjdF:1onvAF:TwkCmVrAUNsCK-4qNlQQmUE2uNzCNvliyJuu83pyzzs','2022-11-10 05:10:47.140707');
INSERT INTO django_session VALUES('cdm742svmio5xpwhg055bmsv0pptq78g','.eJxVjDsOwjAQBe_iGln-JKxDSZ8zWLveDQ4gW4qTCnF3iJQC2jcz76UibmuOW5MlzqwuyqrT70aYHlJ2wHcst6pTLesyk94VfdCmx8ryvB7u30HGlr-1EJtkhTsP6CC4HjkZB5BCb8N5CIyBmMT7ZC2QcTyxFXCT77wbDIJ6fwDyMTf0:1onvpa:sDBbQPaV5roreECNLRKNMZClhT9NviWts-Rlu5s5c94','2022-11-10 05:53:30.947122');
CREATE TABLE IF NOT EXISTS "django_site" ("id" integer NOT NULL PRIMARY KEY AUTOINCREMENT, "name" varchar(50) NOT NULL, "domain" varchar(100) NOT NULL UNIQUE);
INSERT INTO django_site VALUES(1,'example.com','example.com');
CREATE TABLE IF NOT EXISTS "socialaccount_socialapp_sites" ("id" integer NOT NULL PRIMARY KEY AUTOINCREMENT, "socialapp_id" integer NOT NULL REFERENCES "socialaccount_socialapp" ("id") DEFERRABLE INITIALLY DEFERRED, "site_id" integer NOT NULL REFERENCES "django_site" ("id") DEFERRABLE INITIALLY DEFERRED);
CREATE TABLE IF NOT EXISTS "socialaccount_socialtoken" ("id" integer NOT NULL PRIMARY KEY AUTOINCREMENT, "token" text NOT NULL, "token_secret" text NOT NULL, "expires_at" datetime NULL, "account_id" integer NOT NULL REFERENCES "socialaccount_socialaccount" ("id") DEFERRABLE INITIALLY DEFERRED, "app_id" integer NOT NULL REFERENCES "socialaccount_socialapp" ("id") DEFERRABLE INITIALLY DEFERRED);
CREATE TABLE IF NOT EXISTS "socialaccount_socialapp" ("id" integer NOT NULL PRIMARY KEY AUTOINCREMENT, "provider" varchar(30) NOT NULL, "name" varchar(40) NOT NULL, "client_id" varchar(191) NOT NULL, "key" varchar(191) NOT NULL, "secret" varchar(191) NOT NULL);
CREATE TABLE IF NOT EXISTS "socialaccount_socialaccount" ("id" integer NOT NULL PRIMARY KEY AUTOINCREMENT, "provider" varchar(30) NOT NULL, "uid" varchar(191) NOT NULL, "last_login" datetime NOT NULL, "date_joined" datetime NOT NULL, "user_id" bigint NOT NULL REFERENCES "user_user" ("id") DEFERRABLE INITIALLY DEFERRED, "extra_data" text NOT NULL);
CREATE TABLE IF NOT EXISTS "app_hotel" ("id" integer NOT NULL PRIMARY KEY AUTOINCREMENT, "hname" varchar(200) NOT NULL, "hfeature" text NOT NULL, "province" varchar(50) NOT NULL, "city" varchar(50) NOT NULL, "address_1" text NOT NULL, "address_2" text NOT NULL, "hphone" varchar(50) NOT NULL, "hmail" varchar(254) NULL, "owner_id" bigint NOT NULL REFERENCES "user_user" ("id") DEFERRABLE INITIALLY DEFERRED, "hinfo" text NULL, "hmap" text NULL, "himage" varchar(100) NULL);
INSERT INTO app_hotel VALUES(1,'그랑빌팬션','ㅇㅇ','제주특별자치도','서귀포시','중문관광로 17','그랑빌펜션, 색달동 2512','010-5877-4485','admin@google.com',1,'제주국제공항으로부터 약 50분 소요되며 공항 리무진버스(600번), 택시 등 이용','<iframe src="https://www.google.com/maps/embed?pb=!1m18!1m12!1m3!1d3336.387519120122!2d126.41310941556576!3d33.25634578082997!2m3!1f0!2f0!3f0!3m2!1i1024!2i768!4f13.1!3m3!1m2!1s0x350c5a9533af90a1%3A0xf4814df01cee772!2z6re4656R67mM6rCA7KGx7Zi47YWU!5e0!3m2!1sko!2skr!4v1666587903087!5m2!1sko!2skr" width="600" height="200" style="border:0;" allowfullscreen="" loading="lazy" referrerpolicy="no-referrer-when-downgrade"></iframe>','user-upload/7409bdb2-e3cb-4036-a5c6-0b1f24efbb36.jpg');
INSERT INTO app_hotel VALUES(2,'그랜드 하얏트 제주','ㅇㅇ','제주특별자치도','제주시','노연로','12','010-5877-4485','admin@google.com',1,replace(replace('위치\r\n제주시 중심에 위치한 그랜드 하얏트 제주는 제주 국제공항, 제주항 및 크루즈 터미널에서 차로\r\n10분 거리에 위치합니다.\r\n각종 레스토랑과 바, 전통 시장 및 쇼핑 거리가 도보로 이동 가능하며\r\n서귀포 및 유네스코 세계 문화유산으로 연결되는 주요 고속도로가 가까이 위치합니다.\r\n\r\n교통\r\n• 제주국제공항으로부터 차량으로 10분 거리(4km)\r\n• 제주항 국제여객터미널로부터 차량으로 15분 거리(6km)\r\n\r\n주요 관광지\r\n• 누웨마루 거리 • 이호테우 해수욕장 • 용두암\r\n• 애월 해안도로 • 한라산 국립공원 • 함덕 해수욕장\r\n• 산굼부리 • 월정리 해변 • 대포 주상절리\r\n• 섭지코지 • 성산일출봉 • 협재 해수욕장','\r',char(13)),'\n',char(10)),'<iframe src="https://www.google.com/maps/embed?pb=!1m18!1m12!1m3!1d9412.662220977123!2d126.46658549616288!3d33.47851021365177!2m3!1f0!2f0!3f0!3m2!1i1024!2i768!4f13.1!3m3!1m2!1s0x350cfb0c3e0b2ea1%3A0xde4af154befac551!2z6re4656c65OcIO2VmOyWj-2KuCDsoJzso7w!5e0!3m2!1sko!2skr!4v1666590619997!5m2!1sko!2skr" width="600" height="200" style="border:0;" allowfullscreen="" loading="lazy" referrerpolicy="no-referrer-when-downgrade"></iframe>','user-upload/5506885c-2795-498e-b434-ff41366c24b3.jpg');
INSERT INTO app_hotel VALUES(3,'제주 샹그릴라 호텔앤리조트','ㅇㅇ','제주특별자치도','제주시','해안동','2101-3','010-5877-4485','admin@google.com',1,replace(replace('제주의 아름다운 자연을 내 품안에!\r\n제주 샹그릴라 호텔에서 제주의 아름다운 자연을 경험하실 수 있습니다.\r\n\r\n제주하늘 아래 야외수영장은 우리 호텔의 매력포인트랍니다:)\r\n\r\n제주국제공항 차량 20분\r\n이호테우해변 차량 12분','\r',char(13)),'\n',char(10)),'<iframe src="https://www.google.com/maps/embed?pb=!1m18!1m12!1m3!1d3328.418072114502!2d126.45195401557034!3d33.46446458076989!2m3!1f0!2f0!3f0!3m2!1i1024!2i768!4f13.1!3m3!1m2!1s0x350cfa19982aea13%3A0xf3a31d2f0a01559!2z7KCc7KO8IOyDueq3uOumtOudvCDtmLjthZTslaTrpqzsobDtirg!5e0!3m2!1sko!2skr!4v1666591049622!5m2!1sko!2skr" width="600" height="200" style="border:0;" allowfullscreen="" loading="lazy" referrerpolicy="no-referrer-when-downgrade"></iframe>','user-upload/a9d50eb4-3e2a-4e4a-9d89-8a1f6f42ad0e.jpg');
INSERT INTO app_hotel VALUES(4,'월정리 루나마르 펜션','ㅇㅇ','제주특별자치도','제주시','구좌읍 월정1길','34','010-5877-4485','admin@google.com',1,replace(replace('월정리 해수욕장에서 6분 거리에 있는 월정리 루나마르 펜션에서는 투숙객의 편의를 위한 계절에 따라 운영되는 야외 수영장, 정원, 24시간 프런트 데스크 등을 제공합니다. 월정리 루나마르 펜션에서는 Wi-Fi 및 전용 주차장 무료 이용 혜택을 제공합니다.\r\n\r\n숙소에서 12km 거리에는 비자림, 16km 거리에는 Bengdwigul Cave 등의 명소가 있습니다. 월정리 루나마르 펜션에서 가장 가까운 공항은 30km 거리에 위치한 제주국제공항입니다.','\r',char(13)),'\n',char(10)),'<iframe src="https://www.google.com/maps/embed?pb=!1m18!1m12!1m3!1d3324.973371373399!2d126.78902201557223!3d33.554068180744444!2m3!1f0!2f0!3f0!3m2!1i1024!2i768!4f13.1!3m3!1m2!1s0x350d17f295e64141%3A0xd106c020f79ef069!2z66Oo64KY66eI66W0!5e0!3m2!1sko!2skr!4v1666591825329!5m2!1sko!2skr" width="600" height="200" style="border:0;" allowfullscreen="" loading="lazy" referrerpolicy="no-referrer-when-downgrade"></iframe>','user-upload/fe8ff77f-5654-46d5-baaf-6d5470ac1f70.jpg');
INSERT INTO app_hotel VALUES(5,'해나 게스트하우스','dd','제주특별자치도','제주시','애월읍 하귀1리','139-4','010-5877-4485','admin@google.com',1,replace(replace('제주 내 해변에 자리한 해나 게스트하우스에서는 바, 무료 Wi-Fi를 제공합니다. 숙소는 알작지해변에서 약 2.9km, Shilla Duty Free에서 7.6km, 제주 파라다이스 카지노에서 7.8km 거리에 있습니다. 게스트하우스에서 28km 거리에 있는 오설록 티 뮤지엄, 33km 거리에 있는 Jeju Jungmun Resort 등을 방문해보세요.\r\n\r\n해나 게스트하우스의 각 객실에는 옷장 등이 마련되어 있습니다. 숙소의 모든 객실에는 에어컨, 전용 욕실 등이 구비되어 있습니다.\r\n\r\n해나 게스트하우스의 투숙객은 유럽식 조식을 즐길 수 있습니다.\r\n<br>\r\n해나 게스트하우스에서 14km 거리에는 국립제주박물관, 14km 거리에는 제주항 국제여객터미널 등의 명소가 있습니다. 숙소에서 가장 가까운 공항은 9km 거리에 위치한 제주국제공항입니다.','\r',char(13)),'\n',char(10)),'<iframe src="https://www.google.com/maps/embed?pb=!1m18!1m12!1m3!1d3327.595425709487!2d126.41200863041294!3d33.485882519236675!2m3!1f0!2f0!3f0!3m2!1i1024!2i768!4f13.1!3m3!1m2!1s0x350cf0b8a6c29f95%3A0x17c50e86c7b587!2z7ZW064KYIOqyjOyKpO2KuO2VmOyasOyKpA!5e0!3m2!1sko!2skr!4v1666591963271!5m2!1sko!2skr" width="600" height="200" style="border:0;" allowfullscreen="" loading="lazy" referrerpolicy="no-referrer-when-downgrade"></iframe>','user-upload/5f24c661-fe52-438a-ae23-e80c83a65d4e.jpg');
INSERT INTO app_hotel VALUES(6,'블루 아일랜드 게스트하우스','dd','제주특별자치도','서귀포시','표선면 민속해안로119번길','17','010-5877-4485','admin@google.com',1,replace(replace('서귀포에 자리한 블루 아일랜드 게스트하우스에서는 레스토랑, 무료 전용 주차장, 무료 자전거, 공용 라운지 등을 이용하실 수 있습니다. 숙소는 Soesokkak Estuary에서 21km 거리에 있습니다. 이 숙소에는 무료 Wi-Fi를 비롯해 공용 주방, 수하물 보관소 등이 마련되어 있습니다. 가족 객실 이용이 가능한 게스트하우스입니다.\r\n\r\n객실에는 에어컨, 위성 채널을 갖춘 평면 TV, 냉장고, 주전자, 샤워 시설, 슬리퍼, 책상 등이 완비되어 있습니다. 모든 숙박 옵션에는 전용 욕실, 헤어드라이어, 침대 린넨 등이 포함되어 있습니다.\r\n\r\n블루 아일랜드 게스트하우스에서 매일 단품 요리(à la carte) 조식을 드셔보세요.\r\n\r\n주변에서 하이킹, 사이클링, 낚시 등의 활동을 즐겨보세요. 투숙객은 해변에서 휴식도 취하실 수 있습니다.\r\n\r\n숙소에서 22km 거리에는 휴애리 자연생활공원, 22km 거리에는 성산일출봉 등의 명소가 있습니다. 블루 아일랜드 게스트하우스에서 가장 가까운 공항은 45km 거리에 위치한 제주국제공항입니다.','\r',char(13)),'\n',char(10)),'<iframe src="https://www.google.com/maps/embed?pb=!1m18!1m12!1m3!1d3336.6640816568543!2d126.27180401556562!3d33.24910278083211!2m3!1f0!2f0!3f0!3m2!1i1024!2i768!4f13.1!3m3!1m2!1s0x350c428f5611fa31%3A0x3a27e4c13139bcd5!2z7JWE7J28656c65Oc6rKM7Iqk7Yq47ZWY7Jqw7Iqk!5e0!3m2!1sko!2skr!4v1666592046321!5m2!1sko!2skr" width="600" height="200" style="border:0;" allowfullscreen="" loading="lazy" referrerpolicy="no-referrer-when-downgrade"></iframe>',NULL);
INSERT INTO app_hotel VALUES(7,'성산 우리집 펜션','dd','제주특별자치도','서귀포시','성산읍 한도로 255번길','9','010-5877-4485','admin@google.com',1,replace(replace('Gwangchigi Beach에서 17분 거리에 있는 성산 우리집 펜션에서는 에어컨, 발코니, 무료 Wi-Fi가 마련된 객실, 정원, 테라스 등을 제공합니다. 구내에는 전용 주차장이 마련되어 있습니다.\r\n\r\n객실은 쪽모이 세공 마룻바닥, 전자레인지 등의 시설이 완비된 주방, 위성 채널이 편성된 평면 TV, 샤워 시설, 슬리퍼 등이 구비된 전용 욕실을 보유하고 있습니다. 냉장고, 쿡탑뿐 아니라 주전자도 제공됩니다.\r\n\r\n성산 우리집 펜션의 투숙객은 미국식 조식을 즐길 수 있습니다.\r\n\r\n숙소에서 13분 거리에는 성산일출봉, 19km 거리에는 비자림 등의 명소가 있습니다. 성산 우리집 펜션에서 가장 가까운 공항은 49km 거리에 위치한 제주국제공항입니다.','\r',char(13)),'\n',char(10)),'<iframe src="https://www.google.com/maps/embed?pb=!1m18!1m12!1m3!1d3328.322848725292!2d126.9322557155704!3d33.46694438076928!2m3!1f0!2f0!3f0!3m2!1i1024!2i768!4f13.1!3m3!1m2!1s0x350d14c0437f66ad%3A0x2a6b73bfd88b544b!2z7ISx7IKw7Jqw66as7KeR!5e0!3m2!1sko!2skr!4v1666592185789!5m2!1sko!2skr" width="600" height="200" style="border:0;" allowfullscreen="" loading="lazy" referrerpolicy="no-referrer-when-downgrade"></iframe>',NULL);
INSERT INTO app_hotel VALUES(8,'골드원 호텔&스위트','dd','제주특별자치도','서귀포시','이어도로','1032','010-5877-4485','admin@google.com',1,replace(replace('서귀포에 자리한 골드원 호텔&스위트에서는 레스토랑, 무료 전용 주차장, 야외 수영장, 피트니스 센터 등을 이용하실 수 있습니다. 숙소는 Subonglo Beach에서 1km 내 거리에 있습니다. 이 4성급 호텔의 각 객실은 수영장 전망을 갖추고 있습니다. 투숙객은 공용 라운지, 정원 등의 시설을 이용할 수 있습니다. 숙소는 투숙객을 위한 24시간 프런트 데스크, 룸서비스, 환전 서비스 등을 제공합니다.\r\n\r\n골드원 호텔&스위트의 각 객실에는 에어컨, 휴식 공간, 케이블 채널을 갖춘 평면 TV, 안전 금고 등이 마련되어 있습니다. 전용 욕실에는 온수 욕조, 목욕 가운, 슬리퍼 등이 구비되어 있습니다. 각 객실에는 주전자 등이 마련되어 있으며, 일부 객실에는 발코니가 있습니다. 어떤 객실에서는 정원 전망을 감상하실 수 있습니다. 숙소의 모든 객실에는 침대 린넨, 수건 등이 마련되어 있습니다.\r\n\r\n골드원 호텔&스위트에서는 유럽식 또는 뷔페 조식을 선보입니다.\r\n\r\n골드원 호텔&스위트에서는 온수 욕조, 어린이 놀이터 등이 마련된 4성급 객실을 이용하실 수 있습니다.\r\n\r\n투숙객은 스포츠 활동(탁구, 다트)을 즐기거나 비즈니스 센터를 이용할 수 있습니다.\r\n\r\n숙소에서 1.8km 거리에는 Soggol Beach, 2.6km 거리에는 제주월드컵경기장 등의 명소가 있습니다. 골드원 호텔&스위트에서 가장 가까운 공항은 43km 거리에 위치한 제주국제공항입니다.','\r',char(13)),'\n',char(10)),'<iframe src="https://www.google.com/maps/embed?pb=!1m18!1m12!1m3!1d3336.8514212348487!2d126.51976631556543!3d33.24419568083343!2m3!1f0!2f0!3f0!3m2!1i1024!2i768!4f13.1!3m3!1m2!1s0x350c517d93621695%3A0x8d04497b4c519e9e!2z6rOo65Oc7JuQ7Zi47YWU7JWk7Iqk7JyE7Yq4IOyEnOq3gO2PrCBHb2xkT25lIEhvdGVsICYgU3VpdGVz!5e0!3m2!1sko!2skr!4v1666592333053!5m2!1sko!2skr" width="600" height="200" style="border:0;" allowfullscreen="" loading="lazy" referrerpolicy="no-referrer-when-downgrade"></iframe>',NULL);
INSERT INTO app_hotel VALUES(9,'호텔 알레그리아 서귀포','dd','제주특별자치도','서귀포시','중앙로47번길','25','010-5877-4485','admin@google.com',1,replace(replace('산과 바다의 전망을 제공하는 호텔 알레그리아 서귀포(구 비스타케이 호텔 천지연점)는 정방폭포에서 3km 이내 거리에 있습니다. 모든 객실에서 무료 Wi-Fi를 이용하실 수 있습니다.\r\n\r\n모든 객실은 에어컨과 TV, 전기 주전자, 냉장고를 갖추고 있습니다. 욕실에는 전자식 비데와 헤어드라이어, 슬리퍼가 구비되어 있습니다.\r\n\r\n24시간 프런트 데스크에서 수하물 보관소 서비스를 이용하실 수 있습니다. 구내 전용 주차장이 무료로 제공됩니다.\r\n\r\n호텔 알레그리아 서귀포(구 비스타케이 호텔 천지연점)에서 유명 명소인 천지연폭포와 외돌개는 약 1.5km 거리에 있습니다. 제주 국제공항은 숙소에서 44km 떨어져 있습니다.','\r',char(13)),'\n',char(10)),'<iframe src="https://www.google.com/maps/embed?pb=!1m18!1m12!1m3!1d3336.6918495149225!2d126.55725891556573!3d33.24837548083228!2m3!1f0!2f0!3f0!3m2!1i1024!2i768!4f13.1!3m3!1m2!1s0x350c539911adaa8b%3A0xf736121a175cd6b!2z7Zi47YWUIOyVjOugiOq3uOumrOyVhCDshJzqt4Dtj6w!5e0!3m2!1sko!2skr!4v1666592541499!5m2!1sko!2skr" width="600" height="200" style="border:0;" allowfullscreen="" loading="lazy" referrerpolicy="no-referrer-when-downgrade"></iframe>',NULL);
INSERT INTO app_hotel VALUES(10,'휘닉스 제주 섭지코지','dd','제주특별자치도','서귀포시','성산읍 섭지코지로','107','010-5877-4485','admin@google.com',1,replace(replace('바다로 둘러싸여 있으며, 웅장한 바다 전망이 보이는 현대적인 객실을 제공하는 휘닉스 제주는 제주도 서귀포에 위치한 숙박시설로, 섭지코지 해변에서 도보로 4분 거리에 있습니다. 1시간 거리에 있는 제주국제공항행 무료 공항 셔틀도 운영합니다. 이 숙소는 무료 주차장을 갖추고 있습니다.\r\n\r\n아파트에는 테라스, 평면 TV, 소파가 놓인 휴식 공간이 마련되어 있고, 냉장고와 주방용품 등 다양한 시설이 완비된 주방이 있습니다. 전용 욕실에는 욕조와 헤어드라이어가 구비되어 있습니다. 유선 인터넷도 무료로 이용 가능합니다.\r\n\r\n휘닉스 제주의 사우나, 마사지, 실내 수영장 및 야외 수영장은 모두 유료로 제공됩니다. 숙소 내에는 투어 데스크, 수하물 보관소와 바비큐 시설이 갖춰져 있습니다.\r\n\r\n숙소의 해랑 한식당에서는 점심과 저녁 식사를 드실 수 있습니다.\r\n\r\n주변 지역을 둘러보고 싶다면 행복한 문, 스카이워크와 유리의 성 등의 명소를 방문해보세요. 휘닉스 제주의 모든 시설은 차로 20분 이내의 거리에 있습니다. 아파트에서 유명한 성산일출봉까지도 차로 5분 이내에 이동 가능합니다.','\r',char(13)),'\n',char(10)),'<iframe src="https://www.google.com/maps/embed?pb=!1m18!1m12!1m3!1d3959.750337838473!2d126.9247924374223!3d33.43002578317193!2m3!1f0!2f0!3f0!3m2!1i1024!2i768!4f13.1!3m3!1m2!1s0x350d136bd4baf8df%3A0x55580118da31c48e!2z7ZyY64uJ7IqkIOyEreyngOy9lOyngA!5e0!3m2!1sko!2skr!4v1666592670087!5m2!1sko!2skr" width="600" height="200" style="border:0;" allowfullscreen="" loading="lazy" referrerpolicy="no-referrer-when-downgrade"></iframe>',NULL);
CREATE TABLE IF NOT EXISTS "app_hotel_voter" ("id" integer NOT NULL PRIMARY KEY AUTOINCREMENT, "hotel_id" bigint NOT NULL REFERENCES "app_hotel" ("id") DEFERRABLE INITIALLY DEFERRED, "user_id" bigint NOT NULL REFERENCES "user_user" ("id") DEFERRABLE INITIALLY DEFERRED);
INSERT INTO app_hotel_voter VALUES(1,1,1);
INSERT INTO app_hotel_voter VALUES(2,2,1);
INSERT INTO app_hotel_voter VALUES(3,3,1);
INSERT INTO app_hotel_voter VALUES(4,4,1);
INSERT INTO app_hotel_voter VALUES(5,5,1);
INSERT INTO app_hotel_voter VALUES(6,6,1);
INSERT INTO app_hotel_voter VALUES(7,7,1);
INSERT INTO app_hotel_voter VALUES(8,8,1);
INSERT INTO app_hotel_voter VALUES(9,9,1);
INSERT INTO app_hotel_voter VALUES(10,10,1);
CREATE TABLE IF NOT EXISTS "app_image" ("id" integer NOT NULL PRIMARY KEY AUTOINCREMENT, "image" varchar(100) NOT NULL, "order" smallint NOT NULL, "hotel_id" bigint NOT NULL REFERENCES "app_hotel" ("id") DEFERRABLE INITIALLY DEFERRED, CONSTRAINT "unique_together" UNIQUE ("hotel_id", "order"));
INSERT INTO app_image VALUES(4,'user-upload/74db5ee8-0fc2-4c5e-a53c-fb827c722f32.jpg',0,1);
INSERT INTO app_image VALUES(5,'user-upload/3ce943f3-e823-45d0-805f-21cd012dd503.jpg',1,1);
INSERT INTO app_image VALUES(6,'user-upload/dbc4646b-1b6f-4de0-8aa8-9ff47707792c.jpg',2,1);
INSERT INTO app_image VALUES(10,'user-upload/68e31a11-3f41-4925-84de-7bbb8fbfb769.jpg',0,2);
INSERT INTO app_image VALUES(11,'user-upload/d382ea0a-ea53-4c79-806c-9cc51a7fed64.jpg',1,2);
INSERT INTO app_image VALUES(12,'user-upload/5886a01a-1fd1-4b01-ac86-104375b14e13.jpg',2,2);
INSERT INTO app_image VALUES(13,'user-upload/168c4410-6c86-4f75-991f-8c49632bbcc5.jpg',3,2);
INSERT INTO app_image VALUES(14,'user-upload/10592b0f-03af-4ab7-addc-d286e9440b00.jpg',0,3);
INSERT INTO app_image VALUES(15,'user-upload/4d206cd5-7cd0-4dc0-9b50-8aa5678712a2.jpg',1,3);
INSERT INTO app_image VALUES(16,'user-upload/fc68ddb2-b84d-4f21-9eef-d09a877447dd.jpg',2,3);
INSERT INTO app_image VALUES(17,'user-upload/405f2066-97d8-4f3c-9a37-39b50371a778.jpg',3,3);
INSERT INTO app_image VALUES(18,'user-upload/641f5366-2411-4b22-bce9-797470377178.jpg',0,4);
INSERT INTO app_image VALUES(19,'user-upload/80e7fb39-2bb8-43b4-ad7a-1b56bebb2a1d.jpg',1,4);
INSERT INTO app_image VALUES(20,'user-upload/f46fc5fa-26be-4810-a6bb-5306050e2eeb.jpg',2,4);
INSERT INTO app_image VALUES(21,'user-upload/877e3b63-c365-4e99-aadf-4949b7a6cda0.jpg',0,5);
INSERT INTO app_image VALUES(22,'user-upload/f4073bf0-aaa8-4bcc-920c-a642cbc8ded6.jpg',1,5);
INSERT INTO app_image VALUES(23,'user-upload/f43e4bd0-15d9-4e94-925d-711da143d37e.jpg',2,5);
INSERT INTO app_image VALUES(24,'user-upload/615b7d78-7443-40b9-b2d7-ef7b626f15bd.jpg',3,5);
CREATE TABLE IF NOT EXISTS "app_room" ("id" integer NOT NULL PRIMARY KEY AUTOINCREMENT, "roomnum" integer NOT NULL, "roomcap" smallint NOT NULL, "rcontent" text NOT NULL, "roomprice" integer NOT NULL, "hotel_id" bigint NOT NULL REFERENCES "app_hotel" ("id") DEFERRABLE INITIALLY DEFERRED, "roomtype" varchar(200) NULL, "rimage" varchar(100) NULL);
INSERT INTO app_room VALUES(1,101,2,replace(replace('기준 숙박인원 2명 최대 숙박인원 3명\r\n14평형의 원룸형태의 객실로 창이 넓은 테라스가 인상적인 방입니다. 두분이서 사용하시기에 적합하며 테라스에서 티타임을 즐기며 소중한 사람과 특별한 시간을 만들어 보세요.\r\n\r\n룸타입 : 원룸(침대1)+욕실1\r\n객실구성품 : TV, 냉난방시스템, 냉장고, 전기밥솥, 식탁테이블, 주방, 식기세트, 헤어드라이기, 샴푸, 바디워시, 치약, 타월, 무선인터넷, 테라스, 테라스테이블 등\r\n공용: 세탁기, 정수기, 전자레인지','\r',char(13)),'\n',char(10)),65000,1,'스탠다드 커플 B','user-upload/03413029-f909-45b9-bc37-a0a20f1a0fac.jpg');
INSERT INTO app_room VALUES(2,102,4,replace(replace('기준 숙박인원 4명 최대 숙박인원 5명\r\n20평형의 거실과 방이 나눠져 있는 형태의 객실로 가족분들이나 친구분들과 함께하시기 좋은 쾌적하고 아늑한 형태의 객실입니다.\r\n\r\n룸타입 : 원룸(침대1)+거실+욕실1\r\n객실구성품 : TV, 냉난방시스템, 냉장고, 전기밥솥, 식탁테이블, 주방, 식기세트, 헤어드라이기, 샴푸, 바디워시, 치약, 타월, 무선인터넷, 테라스, 테라스테이블 등\r\n공용: 세탁기, 정수기, 전자레인지','\r',char(13)),'\n',char(10)),85000,1,'디럭스 커플 B',NULL);
INSERT INTO app_room VALUES(3,103,6,replace(replace('기준 숙박인원 6명 최대 숙박인원 8명\r\n26평형의 방이 두개로 나눠져 있어서 생활 하기 더욱 편한 넓은 투룸형 객실입니다. 친구분들 가족분들이 같이와도 생활 하시는데 불편함이 없는 객실로 개별 테라스가 준비되어 있습니다.\r\n\r\n룸타입 : 투룸(침대1,온돌1)+거실+욕실1\r\n객실구성품 : TV, 냉난방시스템, 냉장고, 전기밥솥, 식탁테이블, 주방, 식기세트, 헤어드라이기, 샴푸, 바디워시, 치약, 타월, 무선인터넷, 테라스, 테라스테이블 등\r\n공용: 세탁기, 정수기, 전자레인지','\r',char(13)),'\n',char(10)),121000,1,'슈패리얼 패밀리 A',NULL);
INSERT INTO app_room VALUES(4,101,2,replace(replace('초대형 더블침대 1개 \r\n제주도의 전망이 보이는 대형 창문이 설치된 이 트리플룸은 에어컨, 방음 시설, 회전식 건조기를 갖추고 있습니다.','\r',char(13)),'\n',char(10)),316800,2,'킹룸 - 킹침대 1개','user-upload/631d27d4-8675-43d1-bc86-690312330cf5.jpg');
INSERT INTO app_room VALUES(5,102,2,replace(replace('대형 더블침대 2개 \r\n제주도의 전망이 보이는 대형 창문이 설치된 이 객실은 대형 트윈침대 2개, 목욕 가운, 소파, 에어컨을 갖추고 있습니다.','\r',char(13)),'\n',char(10)),327800,2,'트윈룸 - 트윈침대 2개','user-upload/4cbebf4f-6bed-4f3f-8a30-17740002a5b7.jpg');
INSERT INTO app_room VALUES(6,103,2,replace(replace('초대형 더블침대 1개 \r\n제주도의 전망이 보이는 대형 창문이 설치된 이 트리플룸은 미니바, 방음 시설, 소파, 슈퍼 킹침대를 갖추고 있습니다.','\r',char(13)),'\n',char(10)),338800,2,'마운틴 뷰 룸 -킹침대 1개','user-upload/106cdcd1-2f18-42f7-ad82-64d4136e5ecf.jpg');
INSERT INTO app_room VALUES(7,101,2,replace(replace('객실 구성\r\n객실 크기: 26m²\r\n\r\n전망: 마운틴뷰\r\n\r\n금연\r\n\r\n샤워실\r\n\r\n욕실 및 세면도구\r\n거울\r\n\r\n세면도구\r\n\r\n타월\r\n\r\n헤어드라이어\r\n\r\n엔터테인먼트\r\n무료 Wi-Fi (모든 객실)\r\n\r\n위성 방송/케이블 방송\r\n\r\n전화기\r\n\r\n객실 편의 용품/시설\r\n난방\r\n\r\n모닝콜 서비스\r\n\r\n방음\r\n\r\n숙면용 편의 용품\r\n\r\n슬리퍼\r\n\r\n암막 커튼\r\n\r\n에어컨\r\n\r\n전용 출입구\r\n\r\n침대 옆 콘센트\r\n\r\n식음료 시설/서비스\r\n냉장고\r\n\r\n무료 생수\r\n\r\n커피/티 메이커\r\n\r\n객실 구조 및 가구\r\n마룻바닥\r\n\r\n휴지통\r\n\r\n의복 및 세탁 편의 용품/시설\r\n옷 거는 행거\r\n\r\n안전 및 보안 시설\r\n개별 에어컨\r\n\r\n소화기\r\n\r\n엘리베이터 이용 가능\r\n\r\n화재감지기','\r',char(13)),'\n',char(10)),72727,3,'트윈룸','user-upload/c12e3e02-87d9-4517-8cd7-af7140ec7f94.webp');
INSERT INTO app_room VALUES(8,102,3,replace(replace('객실 구성\r\n객실 크기: 33m²\r\n\r\n전망: 마운틴뷰\r\n\r\n금연\r\n\r\n샤워실\r\n\r\n욕실 및 세면도구\r\n거울\r\n\r\n세면도구\r\n\r\n타월\r\n\r\n헤어드라이어\r\n\r\n엔터테인먼트\r\n무료 Wi-Fi (모든 객실)\r\n\r\n위성 방송/케이블 방송\r\n\r\n전화기\r\n\r\n객실 편의 용품/시설\r\n난방\r\n\r\n모닝콜 서비스\r\n\r\n방음\r\n\r\n숙면용 편의 용품\r\n\r\n슬리퍼\r\n\r\n암막 커튼\r\n\r\n에어컨\r\n\r\n전용 출입구\r\n\r\n침대 옆 콘센트\r\n\r\n식음료 시설/서비스\r\n냉장고\r\n\r\n무료 생수\r\n\r\n커피/티 메이커\r\n\r\n객실 구조 및 가구\r\n마룻바닥\r\n\r\n휴지통\r\n\r\n의복 및 세탁 편의 용품/시설\r\n옷 거는 행거\r\n\r\n안전 및 보안 시설\r\n개별 에어컨\r\n\r\n소화기\r\n\r\n엘리베이터 이용 가능\r\n\r\n화재감지기','\r',char(13)),'\n',char(10)),120000,3,'베이직 트리플룸','user-upload/08de64bf-8fd8-42d8-975a-132ea2ee3ec9.webp');
INSERT INTO app_room VALUES(9,103,2,replace(replace('객실 구성\r\n객실 크기: 26m²\r\n\r\n전망: 시티뷰\r\n\r\n금연\r\n\r\n샤워실\r\n\r\n욕실 및 세면도구\r\n거울\r\n\r\n타월\r\n\r\n헤어드라이어\r\n\r\n엔터테인먼트\r\n무료 Wi-Fi (모든 객실)\r\n\r\n위성 방송/케이블 방송\r\n\r\n전화기\r\n\r\n객실 편의 용품/시설\r\n난방\r\n\r\n슬리퍼\r\n\r\n암막 커튼\r\n\r\n에어컨\r\n\r\n식음료 시설/서비스\r\n냉장고\r\n\r\n무료 생수\r\n\r\n객실 구조 및 가구\r\n마룻바닥\r\n\r\n안전 및 보안 시설\r\n개별 에어컨\r\n\r\n소화기\r\n\r\n화재감지기','\r',char(13)),'\n',char(10)),80000,3,'온돌룸','user-upload/a99fdcbf-1a96-44b0-992f-a65af39e4a55.jpg');
INSERT INTO app_room VALUES(10,101,2,replace(replace('모던한 인테리어 디자인과 편안한 호텔식 침구류가 준비되어 있습니다.\r\n객실 통유리로 루나마르의 멋진 수영장풍경을 감상하실 수 있습니다.\r\n별도의 샤워실과 화장실은 있지만 욕조는 없는 방입니다.\r\n(특이사항: 욕조없습니다. 객실내 취사불가능)\r\n크기	형태	인원\r\n9평형	원룸 커플	기준:2 / 최대:2\r\n비수기	준준성수기	준성수기	성수기	극성수기\r\n주중:11만원	13만원	16만원	19만원	21만원\r\n주말:13만원\r\n구비시설\r\n42인치 TV, 싱글침대2개, 미니냉장고, 테이블과 의자, 개별무선인터넷, 개별냉난방, 냉장고,드라이기, 어메니티(샴푸,컨디셔너,샤워젤,비누), 전기포트와 컵, 소화기, 속거튼과 암막커튼, 캐리어거치대','\r',char(13)),'\n',char(10)),110000,4,'and1','user-upload/ba06edde-5cdc-4b35-94d2-347d09116ac9.jpg');
INSERT INTO app_room VALUES(11,102,2,replace(replace('모던한 인테리어 디자인과 편안한 호텔식 침구류가 준비되어 있습니다.\r\n객실 통유리로 루나마르의 멋진 수영장풍경을 감상하실 수 있습니다.\r\n별도의 샤워실과 화장실은 있지만 욕조는 없는 방입니다.\r\n(특이사항: 욕조없습니다. 객실내 취사불가능)\r\n크기	형태	인원\r\n9평형	원룸 커플	기준:2 / 최대:2\r\n비수기	준준성수기	준성수기	성수기	극성수기\r\n주중:11만원	13만원	16만원	19만원	21만원\r\n주말:13만원\r\n구비시설\r\n42인치 TV, 싱글침대2개, 미니냉장고, 테이블과 의자, 개별무선인터넷, 개별냉난방, 냉장고,드라이기, 어메니티(샴푸,컨디셔너,샤워젤,비누), 전기포트와 컵, 소화기, 속거튼과 암막커튼, 캐리어거치대','\r',char(13)),'\n',char(10)),110000,4,'and2','user-upload/0b8d6e74-67f5-4bcf-bff6-947c799d22a8.jpg');
INSERT INTO app_room VALUES(12,103,3,replace(replace('모던한 인테리어 디자인과 편안한 호텔식 구스다운 침구류가 준비되어 있습니다.\r\n객실창가 테이블에 앉으면 루나마르의 멋진 수영장풍경을 감상하실 수 있습니다.그레이 컬러로 포인트를 주어 더욱 깔끔한 방입니다.\r\n여름에 수영장 이용시 객실 앞 데크가 넓어서 아주 편하고 비취의자에서 자유롭게 즐기실수 있는 장점이 있습니다.\r\n반신욕을 즐기실수 있는 화이트 색상의 수입욕조로 피로를 풀어보세요~\r\n(특이사항: 그레이컬러로 포인트를 준방, 객실앞 데크사용가능, 객실내 취사불가능)\r\n크기	형태	인원\r\n9평형	원룸 커플	기준:2 / 최대:2\r\n비수기	준준성수기	준성수기	성수기	극성수기\r\n주중:10만원	12만원	15만원	18만원	20만원\r\n주말:12만원\r\n구비시설\r\n42인치 TV, 퀸사이즈침대, 미니냉장고, 테이블과 의자, 개별무선인터넷, 개별냉난방, 화이트수입욕조,냉장고,드라이기, 어메니티(샴푸,컨디셔너,샤워젤,비누), 전기포트와 컵, 소화기, 속콤비블라인드와 암막커튼, 캐리어거치대','\r',char(13)),'\n',char(10)),100000,4,'luna101','user-upload/bf9b28e5-28a3-43f6-94db-80b36dd0ca34.jpg');
INSERT INTO app_room VALUES(13,1,1,replace(replace('교통편이 우수합니다. 신축건물로 쾌적합니다. 매일 침구류 교체하여 호텔급의 청결을 유지합니다. 버스킹 공연을 주기적으로 하고 있으며, 혼자오는 게스트와 식사를 함께하는 프로그램도 진행하고 있습니다. 근처에 혼자 드시기 좋은 맛집이 많이 있고, 편의점, 약국, 병원, 스포츠센터가 가까운 거리에 있습니다. 공항에서 10분 거리에 위치합니다.\r\n숙소\r\n신축건물, 객실이 남녀층 분리, 보안업체에서 안전을 관리, 전문 방역 업체에서 방역및 위생을 관리, 최상의 룸 컨디션이 장점임.\r\n주차장 18대 주차가능\r\n게스트 이용 가능 공간/시설\r\n2층에 게스트 전용 카페가 있습니다. 악기류가 세팅되어 있어 사전 협의후 사용가능,\r\n버스킹가능,\r\n기타 주의사항\r\n객실은 금연, 과도한 음주는 사절.','\r',char(13)),'\n',char(10)),25000,5,'공유룸','user-upload/ca1793be-9cce-4a5c-b12a-4718b6e1342b.webp');
INSERT INTO app_room VALUES(14,1,1,replace(replace('교통편이 우수합니다. 신축건물로 쾌적합니다. 매일 침구류 교체하여 호텔급의 청결을 유지합니다. 버스킹 공연을 주기적으로 하고 있으며, 혼자오는 게스트와 식사를 함께하는 프로그램도 진행하고 있습니다. 근처에 혼자 드시기 좋은 맛집이 많이 있고, 편의점, 약국, 병원, 스포츠센터가 가까운 거리에 있습니다. 공항에서 10분 거리에 위치합니다.\r\n숙소\r\n신축건물, 객실이 남녀층 분리, 보안업체에서 안전을 관리, 전문 방역 업체에서 방역및 위생을 관리, 최상의 룸 컨디션이 장점임.\r\n주차장 18대 주차가능\r\n게스트 이용 가능 공간/시설\r\n2층에 게스트 전용 카페가 있습니다. 악기류가 세팅되어 있어 사전 협의후 사용가능,\r\n버스킹가능,\r\n기타 주의사항\r\n객실은 금연, 과도한 음주는 사절','\r',char(13)),'\n',char(10)),25000,5,'공유룸','user-upload/6d40ab7e-f0fb-4f8b-af0f-4a2ac906b793.webp');
INSERT INTO app_room VALUES(15,2,1,replace(replace('교통편이 우수합니다. 신축건물로 쾌적합니다. 매일 침구류 교체하여 호텔급의 청결을 유지합니다. 버스킹 공연을 주기적으로 하고 있으며, 혼자오는 게스트와 식사를 함께하는 프로그램도 진행하고 있습니다. 근처에 혼자 드시기 좋은 맛집이 많이 있고, 편의점, 약국, 병원, 스포츠센터가 가까운 거리에 있습니다. 공항에서 10분 거리에 위치합니다.\r\n숙소\r\n신축건물, 객실이 남녀층 분리, 보안업체에서 안전을 관리, 전문 방역 업체에서 방역및 위생을 관리, 최상의 룸 컨디션이 장점임.\r\n주차장 18대 주차가능\r\n게스트 이용 가능 공간/시설\r\n2층에 게스트 전용 카페가 있습니다. 악기류가 세팅되어 있어 사전 협의후 사용가능,\r\n버스킹가능,\r\n기타 주의사항\r\n객실은 금연, 과도한 음주는 사절,','\r',char(13)),'\n',char(10)),30000,5,'공유룸','user-upload/93deb9a5-f83b-4c42-b150-422a9f88055b.webp');
INSERT INTO app_room VALUES(16,101,1,replace(replace('31 제곱미터전용 주방객실 내 전용 욕실바다 전망정원 전망에어컨평면 TV방음 시설바비큐무료 WiFi\r\n크기 31 m²\r\n침대가 편안함 (후기 평점: 9) – 67개 후기 기반\r\n방음 시설, 주방용품 및 에어컨을 갖춘 도미토리 내 침대입니다.\r\n\r\n전용 주방\r\n냉장고\r\n전기 주전자\r\n쿡탑\r\n주방 식기\r\n식탁\r\n청소 도구\r\n전용 욕실\r\n무료 세면도구\r\n화장실\r\n욕조 또는 샤워기\r\n타월\r\n슬리퍼\r\n헤어드라이어\r\n추가 화장실\r\n유료 수건/침대 시트\r\n화장지\r\n전망:\r\n바다 전망\r\n정원 전망\r\n시설/서비스: ​\r\n지상층 전체 유닛\r\n린넨\r\n긴 침대(2m 이상)\r\n손 소독제\r\n차/커피 메이커\r\n에어컨\r\n목재 또는 격자무늬 바닥\r\n방음 시설\r\n전용 입구\r\n서로 연결된 객실\r\n난방 시설\r\n선풍기\r\n냉장고\r\n전기 주전자\r\n쿡탑\r\n주방 식기\r\n식탁\r\n주방\r\n청소 도구\r\n간이주방\r\n업무용 책상\r\n식사 공간\r\nTV\r\n위성 채널\r\n평면 TV\r\n케이블 채널\r\n야외 식사 공간\r\n바비큐\r\n침대 옆 콘센트\r\n옷걸이\r\n의류 건조대\r\n모닝콜 서비스/알람시계\r\n모닝콜 서비스\r\n객실마다 개별적으로 작동하는 에어컨','\r',char(13)),'\n',char(10)),25000,6,'남성 전용 도미토리','user-upload/5ce23e9d-bd86-4a6e-a550-b3ac91370fd7.jpg');
INSERT INTO app_room VALUES(17,102,1,replace(replace('31 제곱미터전용 주방객실 내 전용 욕실바다 전망정원 전망에어컨평면 TV방음 시설바비큐무료 WiFi\r\n크기 31 m²\r\n침대가 편안함 (후기 평점: 9) – 67개 후기 기반\r\n방음 시설, 주방용품 및 에어컨을 갖춘 도미토리 내 침대입니다.\r\n\r\n전용 주방\r\n냉장고\r\n전기 주전자\r\n쿡탑\r\n주방 식기\r\n식탁\r\n청소 도구\r\n전용 욕실\r\n무료 세면도구\r\n화장실\r\n욕조 또는 샤워기\r\n타월\r\n슬리퍼\r\n헤어드라이어\r\n추가 화장실\r\n유료 수건/침대 시트\r\n화장지\r\n전망:\r\n바다 전망\r\n정원 전망\r\n시설/서비스: ​\r\n지상층 전체 유닛\r\n린넨\r\n긴 침대(2m 이상)\r\n손 소독제\r\n차/커피 메이커\r\n에어컨\r\n목재 또는 격자무늬 바닥\r\n방음 시설\r\n전용 입구\r\n서로 연결된 객실\r\n난방 시설\r\n선풍기\r\n냉장고\r\n전기 주전자\r\n쿡탑\r\n주방 식기\r\n식탁\r\n주방\r\n청소 도구\r\n간이주방\r\n업무용 책상\r\n식사 공간\r\nTV\r\n위성 채널\r\n평면 TV\r\n케이블 채널\r\n야외 식사 공간\r\n바비큐\r\n침대 옆 콘센트\r\n옷걸이\r\n의류 건조대\r\n모닝콜 서비스/알람시계\r\n모닝콜 서비스\r\n객실마다 개별적으로 작동하는 에어컨','\r',char(13)),'\n',char(10)),30000,6,'여성 전용 도미토리','user-upload/d6a898df-9e73-4263-abbd-0883a791661f.jpg');
INSERT INTO app_room VALUES(18,103,4,replace(replace('27 제곱미터전용 주방객실 내 전용 욕실정원 전망에어컨평면 TV방음 시설바비큐무료 WiFi\r\n크기 27 m²\r\n침대가 편안함 (후기 평점: 9) – 67개 후기 기반\r\n이 패밀리룸은 에어컨, 간이 주방 및 전기 주전자를 갖추고 있습니다.\r\n\r\n전용 주방\r\n냉장고\r\n전기 주전자\r\n쿡탑\r\n주방 식기\r\n식탁\r\n청소 도구\r\n전용 욕실\r\n무료 세면도구\r\n화장실\r\n욕조 또는 샤워기\r\n타월\r\n슬리퍼\r\n헤어드라이어\r\n추가 화장실\r\n유료 수건/침대 시트\r\n화장지\r\n전망:\r\n정원 전망\r\n시설/서비스: ​\r\n지상층 전체 유닛\r\n유닛 전역에서 휠체어 사용\r\n린넨\r\n손 소독제\r\n차/커피 메이커\r\n에어컨\r\n목재 또는 격자무늬 바닥\r\n방음 시설\r\n전용 입구\r\n난방 시설\r\n선풍기\r\n냉장고\r\n전기 주전자\r\n쿡탑\r\n주방 식기\r\n식탁\r\n주방\r\n청소 도구\r\n간이주방\r\n업무용 책상\r\n식사 공간\r\nTV\r\n위성 채널\r\n평면 TV\r\n케이블 채널\r\n야외 식사 공간\r\n바비큐\r\n침대 옆 콘센트\r\n옷걸이\r\n의류 건조대\r\n모닝콜 서비스/알람시계\r\n모닝콜 서비스\r\n객실마다 개별적으로 작동하는 에어컨\r\n흡연 가능 여부: ​금연','\r',char(13)),'\n',char(10)),120000,6,'패밀리룸','user-upload/de1feea1-b103-4f23-a388-b9ca139d42e4.jpg');
INSERT INTO app_room VALUES(19,101,2,replace(replace('주차 가능\r\n무료\r\n해변 인접\r\n조식\r\n무료\r\nWi-Fi\r\n무료\r\n인터넷\r\nWi-Fi\r\n무료\r\n정책 및 결제\r\n금연 시설\r\n서비스\r\n프런트 데스크\r\n수영장\r\n수영장 없음\r\n반려동물\r\n반려동물 동반 불가\r\n음식/음료\r\n조식\r\n무료\r\n활동\r\n해변 인접\r\n어린이\r\n유아 동반 환영','\r',char(13)),'\n',char(10)),74350,7,'basic','user-upload/e6b24557-b3df-4c61-9938-9aa1dbaa8e4e.webp');
INSERT INTO app_room VALUES(20,102,2,replace(replace('주차 가능\r\n무료\r\n해변 인접\r\n조식\r\n무료\r\nWi-Fi\r\n무료\r\n인터넷\r\nWi-Fi\r\n무료\r\n정책 및 결제\r\n금연 시설\r\n서비스\r\n프런트 데스크\r\n수영장\r\n수영장 없음\r\n반려동물\r\n반려동물 동반 불가\r\n음식/음료\r\n조식\r\n무료\r\n활동\r\n해변 인접\r\n어린이\r\n유아 동반 환영','\r',char(13)),'\n',char(10)),50000,7,'트윈룸','user-upload/138232e2-2b92-40e0-886f-94db1f22e849.webp');
INSERT INTO app_room VALUES(21,103,4,replace(replace('주차 가능\r\n무료\r\n해변 인접\r\n조식\r\n무료\r\nWi-Fi\r\n무료\r\n인터넷\r\nWi-Fi\r\n무료\r\n정책 및 결제\r\n금연 시설\r\n서비스\r\n프런트 데스크\r\n수영장\r\n수영장 없음\r\n반려동물\r\n반려동물 동반 불가\r\n음식/음료\r\n조식\r\n무료\r\n활동\r\n해변 인접\r\n어린이\r\n유아 동반 환영','\r',char(13)),'\n',char(10)),100000,7,'패밀리룸','user-upload/8aca8585-d9bc-4875-9cc2-fb0a4ba272e0.webp');
INSERT INTO app_room VALUES(22,101,2,replace(replace('식음료\r\n커피숍\r\n룸서비스\r\n풀사이드 바\r\n관련 편의 시설/서비스 모두 보기\r\n\r\n웰니스\r\n피트니스 센터\r\n스파\r\n스팀룸/한증실\r\n관련 편의 시설/서비스 모두 보기\r\n\r\n액티비티\r\n실내 수영장\r\n수영장\r\n키즈 클럽\r\n관련 편의 시설/서비스 모두 보기\r\n\r\n스포츠 & 엔터테인먼트\r\n오락실\r\n등산로\r\n다트보드\r\n편의 시설/서비스\r\n24시간 프런트 데스크\r\n\r\n주차장\r\n\r\n무료 Wi-Fi (모든 객실)\r\n\r\n여행 가방 보관 서비스\r\n\r\n실내 수영장\r\n\r\n온수 욕조\r\n\r\n전기차 충전소\r\n\r\n키즈 클럽\r\n\r\n아고다 보장제\r\n\r\n인기 시설/서비스\r\n실내 수영장온수 욕조탁구대실외 수영장정원피트니스 센터','\r',char(13)),'\n',char(10)),194303,8,'스위트','user-upload/d3592bd6-54a1-4dc8-a6ec-b11e2dfddab1.jpg');
INSERT INTO app_room VALUES(23,102,2,replace(replace('식음료\r\n커피숍\r\n룸서비스\r\n풀사이드 바\r\n관련 편의 시설/서비스 모두 보기\r\n\r\n웰니스\r\n피트니스 센터\r\n스파\r\n스팀룸/한증실\r\n관련 편의 시설/서비스 모두 보기\r\n\r\n액티비티\r\n실내 수영장\r\n수영장\r\n키즈 클럽\r\n관련 편의 시설/서비스 모두 보기\r\n\r\n스포츠 & 엔터테인먼트\r\n오락실\r\n등산로\r\n다트보드\r\n편의 시설/서비스\r\n24시간 프런트 데스크\r\n\r\n주차장\r\n\r\n무료 Wi-Fi (모든 객실)\r\n\r\n여행 가방 보관 서비스\r\n\r\n실내 수영장\r\n\r\n온수 욕조\r\n\r\n전기차 충전소\r\n\r\n키즈 클럽\r\n\r\n\r\n아고다 보장제\r\n인기 시설/서비스\r\n실내 수영장온수 욕조탁구대실외 수영장정원피트니스 센터','\r',char(13)),'\n',char(10)),210450,8,'트윈','user-upload/494894e9-c4ce-4eef-aea6-9495160e5379.webp');
INSERT INTO app_room VALUES(24,103,4,replace(replace('식음료\r\n커피숍\r\n룸서비스\r\n풀사이드 바\r\n관련 편의 시설/서비스 모두 보기\r\n\r\n웰니스\r\n피트니스 센터\r\n스파\r\n스팀룸/한증실\r\n관련 편의 시설/서비스 모두 보기\r\n\r\n액티비티\r\n실내 수영장\r\n수영장\r\n키즈 클럽\r\n관련 편의 시설/서비스 모두 보기\r\n\r\n스포츠 & 엔터테인먼트\r\n오락실\r\n등산로\r\n다트보드\r\n편의 시설/서비스\r\n24시간 프런트 데스크\r\n\r\n주차장\r\n\r\n무료 Wi-Fi (모든 객실)\r\n\r\n여행 가방 보관 서비스\r\n\r\n실내 수영장\r\n\r\n온수 욕조\r\n\r\n전기차 충전소\r\n\r\n키즈 클럽\r\n\r\n아고다 보장제\r\n인기 시설/서비스\r\n실내 수영장온수 욕조탁구대실외 수영장정원피트니스 센터','\r',char(13)),'\n',char(10)),437205,8,'패밀리','user-upload/224af7b6-1a81-46d6-a961-83fd3476891e.webp');
INSERT INTO app_room VALUES(25,101,2,replace(replace('주요 특징\r\n\r\n제주의 중심지에 위치 \r\n\r\n\r\n익스프레스 체크인/체크아웃\r\n\r\n\r\n천지연 폭포(410m 거리)\r\n\r\n\r\n무료 Wi-Fi (모든 객실)\r\n\r\n\r\n일일 청소 서비스\r\n\r\n위생 PLUS\r\n숙소에서 직접 선택하고 자가 인증하여 시행 중인 위생 관련 조치는 다음과 같습니다.자세히 보기\r\n\r\n안전 관련 조치/제반 사항\r\n직원 대상 안전 규정 교육\r\n체온계\r\n매일 소독\r\n\r\n방호/보호 장비·비품\r\n손 소독제\r\n\r\n보건 및 의료\r\n구급상자\r\n편의 시설/서비스\r\n주차장\r\n\r\n무료 Wi-Fi (모든 객실)\r\n\r\n익스프레스 체크인/체크아웃\r\n\r\n여행 가방 보관 서비스\r\n\r\n수영장\r\n\r\n베이비시팅 서비스\r\n\r\nWi-Fi (공용 구역)','\r',char(13)),'\n',char(10)),44045,9,'싱글베드 트윈','user-upload/0fd0a031-f84e-4495-a8e5-50347ec5c1de.jpg');
INSERT INTO app_room VALUES(26,102,1,replace(replace('주요 특징\r\n\r\n제주의 중심지에 위치 \r\n\r\n\r\n익스프레스 체크인/체크아웃\r\n\r\n\r\n천지연 폭포(410m 거리)\r\n\r\n\r\n무료 Wi-Fi (모든 객실)\r\n\r\n\r\n일일 청소 서비스\r\n\r\n위생 PLUS\r\n숙소에서 직접 선택하고 자가 인증하여 시행 중인 위생 관련 조치는 다음과 같습니다.자세히 보기\r\n\r\n안전 관련 조치/제반 사항\r\n직원 대상 안전 규정 교육\r\n체온계\r\n매일 소독\r\n\r\n방호/보호 장비·비품\r\n손 소독제\r\n\r\n보건 및 의료\r\n구급상자\r\n편의 시설/서비스\r\n주차장\r\n\r\n무료 Wi-Fi (모든 객실)\r\n\r\n익스프레스 체크인/체크아웃\r\n\r\n여행 가방 보관 서비스\r\n\r\n수영장\r\n\r\n베이비시팅 서비스\r\n\r\nWi-Fi (공용 구역)','\r',char(13)),'\n',char(10)),35720,9,'싱글','user-upload/ee324305-d748-44e0-ae5c-2dbb23afd088.jpg');
INSERT INTO app_room VALUES(27,103,2,replace(replace('주요 특징\r\n\r\n제주의 중심지에 위치 \r\n\r\n\r\n익스프레스 체크인/체크아웃\r\n\r\n\r\n천지연 폭포(410m 거리)\r\n\r\n\r\n무료 Wi-Fi (모든 객실)\r\n\r\n\r\n일일 청소 서비스\r\n\r\n위생 PLUS\r\n숙소에서 직접 선택하고 자가 인증하여 시행 중인 위생 관련 조치는 다음과 같습니다.자세히 보기\r\n\r\n안전 관련 조치/제반 사항\r\n직원 대상 안전 규정 교육\r\n체온계\r\n매일 소독\r\n\r\n방호/보호 장비·비품\r\n손 소독제\r\n\r\n보건 및 의료\r\n구급상자\r\n편의 시설/서비스\r\n주차장\r\n\r\n무료 Wi-Fi (모든 객실)\r\n\r\n익스프레스 체크인/체크아웃\r\n\r\n여행 가방 보관 서비스\r\n\r\n수영장\r\n\r\n베이비시팅 서비스\r\n\r\nWi-Fi (공용 구역)','\r',char(13)),'\n',char(10)),56092,9,'슈퍼싱글 더블베드','user-upload/12e705e2-0573-4b39-9edf-e2ac963b417a.webp');
INSERT INTO app_room VALUES(28,101,1,replace(replace('주요 특징\r\n\r\n24시간 상시 체크인\r\n\r\n\r\n무료 - 공항 이동 교통편 서비스 \r\n\r\n\r\n해변까지 510m\r\n\r\n\r\n무료 Wi-Fi (모든 객실)\r\n\r\n\r\n온수 욕조\r\n\r\n웰니스\r\n몸과 마음에 활력을 불어넣고 재충전하는 데 도움이 되는 것들입니다\r\n\r\n스파 & 뷰티\r\n마사지\r\n사우나\r\n스팀룸/한증실\r\n관련 편의 시설/서비스 모두 보기\r\n\r\n운동 & 레저\r\n실내 수영장\r\n실외 수영장\r\n이용 가능한 스테이케이션 상품\r\n숙박하는 동안 특별한 혜택을 누리세요\r\n\r\n식음료\r\n커피숍\r\n룸서비스\r\n바(Bar)\r\n관련 편의 시설/서비스 모두 보기\r\n\r\n웰니스\r\n피트니스 센터\r\n스파\r\n스팀룸/한증실\r\n관련 편의 시설/서비스 모두 보기\r\n\r\n액티비티\r\n실내 수영장\r\n도서관\r\n숙소 내 즐길거리\r\n관련 편의 시설/서비스 모두 보기\r\n편의 시설/서비스\r\n24시간 프런트 데스크\r\n\r\n공항 이동 교통편 서비스\r\n\r\n주차장\r\n\r\n셔틀 서비스\r\n\r\n실내 수영장\r\n\r\n온수 욕조\r\n\r\n무료 Wi-Fi (모든 객실)\r\n\r\n익스프레스 체크인/체크아웃','\r',char(13)),'\n',char(10)),56000,10,'싱글','user-upload/366658a9-0cfe-43cb-9561-f1289e919d56.webp');
INSERT INTO app_room VALUES(29,102,8,replace(replace('주요 특징\r\n\r\n24시간 상시 체크인\r\n\r\n\r\n무료 - 공항 이동 교통편 서비스 \r\n\r\n\r\n해변까지 510m\r\n\r\n\r\n무료 Wi-Fi (모든 객실)\r\n\r\n\r\n온수 욕조\r\n\r\n웰니스\r\n몸과 마음에 활력을 불어넣고 재충전하는 데 도움이 되는 것들입니다\r\n\r\n스파 & 뷰티\r\n마사지\r\n사우나\r\n스팀룸/한증실\r\n관련 편의 시설/서비스 모두 보기\r\n\r\n운동 & 레저\r\n실내 수영장\r\n실외 수영장\r\n이용 가능한 스테이케이션 상품\r\n숙박하는 동안 특별한 혜택을 누리세요\r\n\r\n식음료\r\n커피숍\r\n룸서비스\r\n바(Bar)\r\n관련 편의 시설/서비스 모두 보기\r\n\r\n웰니스\r\n피트니스 센터\r\n스파\r\n스팀룸/한증실\r\n관련 편의 시설/서비스 모두 보기\r\n\r\n액티비티\r\n실내 수영장\r\n도서관\r\n숙소 내 즐길거리\r\n관련 편의 시설/서비스 모두 보기\r\n편의 시설/서비스\r\n24시간 프런트 데스크\r\n\r\n공항 이동 교통편 서비스\r\n\r\n주차장\r\n\r\n셔틀 서비스\r\n\r\n실내 수영장\r\n\r\n온수 욕조\r\n\r\n무료 Wi-Fi (모든 객실)\r\n\r\n익스프레스 체크인/체크아웃','\r',char(13)),'\n',char(10)),470860,10,'그랜드','user-upload/e71af531-6eaa-4f70-bcfc-84e92bd76e19.webp');
INSERT INTO app_room VALUES(30,103,4,replace(replace('주요 특징\r\n\r\n24시간 상시 체크인\r\n\r\n\r\n무료 - 공항 이동 교통편 서비스 \r\n\r\n\r\n해변까지 510m\r\n\r\n\r\n무료 Wi-Fi (모든 객실)\r\n\r\n\r\n온수 욕조\r\n\r\n웰니스\r\n몸과 마음에 활력을 불어넣고 재충전하는 데 도움이 되는 것들입니다\r\n\r\n스파 & 뷰티\r\n마사지\r\n사우나\r\n스팀룸/한증실\r\n관련 편의 시설/서비스 모두 보기\r\n\r\n운동 & 레저\r\n실내 수영장\r\n실외 수영장\r\n이용 가능한 스테이케이션 상품\r\n숙박하는 동안 특별한 혜택을 누리세요\r\n\r\n식음료\r\n커피숍\r\n룸서비스\r\n바(Bar)\r\n관련 편의 시설/서비스 모두 보기\r\n\r\n웰니스\r\n피트니스 센터\r\n스파\r\n스팀룸/한증실\r\n관련 편의 시설/서비스 모두 보기\r\n\r\n액티비티\r\n실내 수영장\r\n도서관\r\n숙소 내 즐길거리\r\n관련 편의 시설/서비스 모두 보기\r\n편의 시설/서비스\r\n24시간 프런트 데스크\r\n\r\n공항 이동 교통편 서비스\r\n\r\n주차장\r\n\r\n셔틀 서비스\r\n\r\n실내 수영장\r\n\r\n온수 욕조\r\n\r\n무료 Wi-Fi (모든 객실)\r\n\r\n익스프레스 체크인/체크아웃','\r',char(13)),'\n',char(10)),265405,10,'패밀리','user-upload/dc20b850-63e0-4e83-a6fb-981a62c5563b.jpg');
CREATE TABLE IF NOT EXISTS "user_user_groups" ("id" integer NOT NULL PRIMARY KEY AUTOINCREMENT, "user_id" bigint NOT NULL REFERENCES "user_user" ("id") DEFERRABLE INITIALLY DEFERRED, "group_id" integer NOT NULL REFERENCES "auth_group" ("id") DEFERRABLE INITIALLY DEFERRED);
CREATE TABLE IF NOT EXISTS "user_user" ("id" integer NOT NULL PRIMARY KEY AUTOINCREMENT, "password" varchar(128) NOT NULL, "last_login" datetime NULL, "email" varchar(255) NOT NULL UNIQUE, "username" varchar(50) NOT NULL, "nickname" varchar(50) NOT NULL, "rank" smallint NOT NULL, "phone" varchar(15) NULL UNIQUE, "is_staff" bool NOT NULL, "is_superuser" bool NOT NULL);
INSERT INTO user_user VALUES(1,'pbkdf2_sha256$390000$KyYq4G8q2RTPSLrsRtZOn8$znjoj5brmPbcIEZqn855i3dyERXJxfAHKBq5O8nApVI=','2022-10-27 05:53:30.941072','admin@google.com','관리자','admin',0,NULL,1,1);
INSERT INTO user_user VALUES(2,'!DcWnvyzv710tgANJStMLVszmkbtWH8HMWArs4qmH',NULL,'admin@naver.com','관리자','admin',0,NULL,1,1);
INSERT INTO user_user VALUES(3,'pbkdf2_sha256$390000$ODpcHDI2AzecemHtrxpO4g$4tuMzHUIVL+0z3B8kdTXGoIpBr6zlux7+U9MWHCOSbE=','2022-10-27 05:10:46.906566','pig4396@naver.com','연습용','참께밍',0,'01035141953',0,0);
CREATE TABLE IF NOT EXISTS "user_user_user_permissions" ("id" integer NOT NULL PRIMARY KEY AUTOINCREMENT, "user_id" bigint NOT NULL REFERENCES "user_user" ("id") DEFERRABLE INITIALLY DEFERRED, "permission_id" integer NOT NULL REFERENCES "auth_permission" ("id") DEFERRABLE INITIALLY DEFERRED);
DELETE FROM sqlite_sequence;
INSERT INTO sqlite_sequence VALUES('django_migrations',49);
INSERT INTO sqlite_sequence VALUES('django_content_type',17);
INSERT INTO sqlite_sequence VALUES('auth_permission',68);
INSERT INTO sqlite_sequence VALUES('auth_group',0);
INSERT INTO sqlite_sequence VALUES('account_emailaddress',0);
INSERT INTO sqlite_sequence VALUES('django_admin_log',116);
INSERT INTO sqlite_sequence VALUES('django_site',1);
INSERT INTO sqlite_sequence VALUES('socialaccount_socialapp',0);
INSERT INTO sqlite_sequence VALUES('socialaccount_socialaccount',0);
INSERT INTO sqlite_sequence VALUES('app_hotel',10);
INSERT INTO sqlite_sequence VALUES('app_hotel_voter',10);
INSERT INTO sqlite_sequence VALUES('app_image',24);
INSERT INTO sqlite_sequence VALUES('app_room',30);
INSERT INTO sqlite_sequence VALUES('app_comment',4);
INSERT INTO sqlite_sequence VALUES('user_user',3);
CREATE UNIQUE INDEX "django_content_type_app_label_model_76bd3d3b_uniq" ON "django_content_type" ("app_label", "model");
CREATE UNIQUE INDEX "auth_group_permissions_group_id_permission_id_0cd325b0_uniq" ON "auth_group_permissions" ("group_id", "permission_id");
CREATE INDEX "auth_group_permissions_group_id_b120cbf9" ON "auth_group_permissions" ("group_id");
CREATE INDEX "auth_group_permissions_permission_id_84c5c92e" ON "auth_group_permissions" ("permission_id");
CREATE UNIQUE INDEX "auth_permission_content_type_id_codename_01ab375a_uniq" ON "auth_permission" ("content_type_id", "codename");
CREATE INDEX "auth_permission_content_type_id_2f476e4b" ON "auth_permission" ("content_type_id");
CREATE INDEX "account_emailconfirmation_email_address_id_5b7f8c58" ON "account_emailconfirmation" ("email_address_id");
CREATE INDEX "account_emailaddress_user_id_2c513194" ON "account_emailaddress" ("user_id");
CREATE INDEX "django_admin_log_content_type_id_c4bce8eb" ON "django_admin_log" ("content_type_id");
CREATE INDEX "django_admin_log_user_id_c564eba6" ON "django_admin_log" ("user_id");
CREATE INDEX "app_order_customer_id_7c27c407" ON "app_order" ("customer_id");
CREATE INDEX "app_order_room_id_177e8819" ON "app_order" ("room_id");
CREATE INDEX "app_comment_author_id_2268155b" ON "app_comment" ("author_id");
CREATE INDEX "app_comment_hotel_id_74755236" ON "app_comment" ("hotel_id");
CREATE INDEX "django_session_expire_date_a5c62663" ON "django_session" ("expire_date");
CREATE UNIQUE INDEX "socialaccount_socialtoken_app_id_account_id_fca4e0ac_uniq" ON "socialaccount_socialtoken" ("app_id", "account_id");
CREATE UNIQUE INDEX "socialaccount_socialapp_sites_socialapp_id_site_id_71a9a768_uniq" ON "socialaccount_socialapp_sites" ("socialapp_id", "site_id");
CREATE INDEX "socialaccount_socialapp_sites_socialapp_id_97fb6e7d" ON "socialaccount_socialapp_sites" ("socialapp_id");
CREATE INDEX "socialaccount_socialapp_sites_site_id_2579dee5" ON "socialaccount_socialapp_sites" ("site_id");
CREATE INDEX "socialaccount_socialtoken_account_id_951f210e" ON "socialaccount_socialtoken" ("account_id");
CREATE INDEX "socialaccount_socialtoken_app_id_636a42d7" ON "socialaccount_socialtoken" ("app_id");
CREATE UNIQUE INDEX "socialaccount_socialaccount_provider_uid_fc810c6e_uniq" ON "socialaccount_socialaccount" ("provider", "uid");
CREATE INDEX "socialaccount_socialaccount_user_id_8146e70c" ON "socialaccount_socialaccount" ("user_id");
CREATE INDEX "app_hotel_owner_id_4639ff29" ON "app_hotel" ("owner_id");
CREATE UNIQUE INDEX "app_hotel_voter_hotel_id_user_id_2c05a002_uniq" ON "app_hotel_voter" ("hotel_id", "user_id");
CREATE INDEX "app_hotel_voter_hotel_id_efe484de" ON "app_hotel_voter" ("hotel_id");
CREATE INDEX "app_hotel_voter_user_id_763ab776" ON "app_hotel_voter" ("user_id");
CREATE INDEX "app_image_hotel_id_ff556f78" ON "app_image" ("hotel_id");
CREATE INDEX "app_room_hotel_id_21900f8b" ON "app_room" ("hotel_id");
CREATE UNIQUE INDEX "user_user_groups_user_id_group_id_bb60391f_uniq" ON "user_user_groups" ("user_id", "group_id");
CREATE INDEX "user_user_groups_user_id_13f9a20d" ON "user_user_groups" ("user_id");
CREATE INDEX "user_user_groups_group_id_c57f13c0" ON "user_user_groups" ("group_id");
CREATE UNIQUE INDEX "user_user_user_permissions_user_id_permission_id_64f4d5b8_uniq" ON "user_user_user_permissions" ("user_id", "permission_id");
CREATE INDEX "user_user_user_permissions_user_id_31782f58" ON "user_user_user_permissions" ("user_id");
CREATE INDEX "user_user_user_permissions_permission_id_ce49d4de" ON "user_user_user_permissions" ("permission_id");
COMMIT;
