{
  "client_id": "178539026795-cullegetldtt7vkq83r8b22aep8q720e.apps.googleusercontent.com",
  "project_id": "djangosocial-365300",
  "auth_uri": "https://accounts.google.com/o/oauth2/auth",
  "token_uri": "https://oauth2.googleapis.com/token",
  "auth_provider_x509_cert_url": "https://www.googleapis.com/oauth2/v1/certs",
  "client_secret": "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",
  "redirect_uris": [
    "http://127.0.0.1:8000/accounts/google/login/callback/",
    "http://localhost:8000/accounts/google/login/callback/"
  ],
  "javascript_origins": ["http://127.0.0.1:8000", "http://localhost:8000"]
}
